Indicator,Geography,Year,Strata,Strata Name,Numerator,Denominator,Rate,Age Adjusted Rate
Suicide,CALIFORNIA,2000,Sex,Female,682,"17,080,000",3.993,4.067
Suicide,CALIFORNIA,2000,Sex,Male,2431,"16,920,000",14.37,15.89
Suicide,CALIFORNIA,2000,Sex,Total,3113,"34,000,000",9.156,9.564
Suicide,CALIFORNIA,2001,Sex,Female,685,"17,340,000",3.95,4.005
Suicide,CALIFORNIA,2001,Sex,Male,2571,"17,170,000",14.97,16.41
Suicide,CALIFORNIA,2001,Sex,Total,3256,"34,510,000",9.434,9.813
Suicide,CALIFORNIA,2002,Sex,Female,710,"17,550,000",4.045,4.088
Suicide,CALIFORNIA,2002,Sex,Male,2500,"17,380,000",14.38,15.81
Suicide,CALIFORNIA,2002,Sex,Total,3210,"34,940,000",9.188,9.548
Suicide,CALIFORNIA,2003,Sex,Female,733,"17,780,000",4.122,4.15
Suicide,CALIFORNIA,2003,Sex,Male,2663,"17,610,000",15.13,16.32
Suicide,CALIFORNIA,2003,Sex,Total,3396,"35,390,000",9.596,9.896
Suicide,CALIFORNIA,2004,Sex,Female,821,"17,970,000",4.569,4.576
Suicide,CALIFORNIA,2004,Sex,Male,2543,"17,780,000",14.3,15.34
Suicide,CALIFORNIA,2004,Sex,Total,3364,"35,750,000",9.409,9.65
Suicide,CALIFORNIA,2005,Sex,Female,721,"18,090,000",3.986,3.977
Suicide,CALIFORNIA,2005,Sex,Male,2399,"17,900,000",13.4,14.36
Suicide,CALIFORNIA,2005,Sex,Total,3121,"35,990,000",8.673,8.881
Suicide,CALIFORNIA,2006,Sex,Female,733,"18,220,000",4.023,3.99
Suicide,CALIFORNIA,2006,Sex,Male,2506,"18,030,000",13.9,14.67
Suicide,CALIFORNIA,2006,Sex,Total,3239,"36,250,000",8.936,9.059
Suicide,CALIFORNIA,2007,Sex,Female,810,"18,370,000",4.409,4.323
Suicide,CALIFORNIA,2007,Sex,Male,2675,"18,180,000",14.71,15.31
Suicide,CALIFORNIA,2007,Sex,Total,3485,"36,550,000",9.534,9.593
Suicide,CALIFORNIA,2008,Sex,Female,854,"18,530,000",4.61,4.522
Suicide,CALIFORNIA,2008,Sex,Male,2836,"18,330,000",15.47,16.1
Suicide,CALIFORNIA,2008,Sex,Total,3690,"36,860,000",10.01,10.04
Suicide,CALIFORNIA,2009,Sex,Female,890,"18,630,000",4.776,4.639
Suicide,CALIFORNIA,2009,Sex,Male,2847,"18,440,000",15.44,15.64
Suicide,CALIFORNIA,2009,Sex,Total,3737,"37,080,000",10.08,9.918
Suicide,CALIFORNIA,2010,Sex,Female,857,"18,770,000",4.565,4.438
Suicide,CALIFORNIA,2010,Sex,Male,2948,"18,560,000",15.88,16.1
Suicide,CALIFORNIA,2010,Sex,Total,3805,"37,330,000",10.19,10.01
Suicide,CALIFORNIA,2011,Sex,Female,944,"18,940,000",4.984,4.817
Suicide,CALIFORNIA,2011,Sex,Male,2995,"18,730,000",15.99,16.17
Suicide,CALIFORNIA,2011,Sex,Total,3939,"37,670,000",10.46,10.27
Suicide,CALIFORNIA,2012,Sex,Female,830,"19,130,000",4.34,4.179
Suicide,CALIFORNIA,2012,Sex,Male,2995,"18,920,000",15.83,15.96
Suicide,CALIFORNIA,2012,Sex,Total,3825,"38,040,000",10.05,9.841
Suicide,CALIFORNIA,2013,Sex,Female,916,"19,290,000",4.749,4.527
Suicide,CALIFORNIA,2013,Sex,Male,3000,"19,080,000",15.72,15.83
Suicide,CALIFORNIA,2013,Sex,Total,3916,"38,370,000",10.2,9.944
Suicide,CALIFORNIA,2014,Sex,Female,965,"19,470,000",4.957,4.729
Suicide,CALIFORNIA,2014,Sex,Male,3168,"19,270,000",16.44,16.48
Suicide,CALIFORNIA,2014,Sex,Total,4133,"38,740,000",10.67,10.36
Suicide,CALIFORNIA,2015,Sex,Female,994,"19,630,000",5.065,4.868
Suicide,CALIFORNIA,2015,Sex,Male,3122,"19,430,000",16.07,15.97
Suicide,CALIFORNIA,2015,Sex,Total,4116,"39,060,000",10.54,10.21
Suicide,CALIFORNIA,2016,Sex,Female,989,"19,770,000",5.002,4.73
Suicide,CALIFORNIA,2016,Sex,Male,3223,"19,580,000",16.46,16.28
Suicide,CALIFORNIA,2016,Sex,Total,4212,"39,350,000",10.7,10.33
Suicide,CALIFORNIA,2017,Sex,Female,933,"19,930,000",4.681,4.443
Suicide,CALIFORNIA,2017,Sex,Male,3297,"19,760,000",16.68,16.37
Suicide,CALIFORNIA,2017,Sex,Total,4230,"39,690,000",10.66,10.26
Suicide,Alameda,2000-2002,Race/Ethnicity,Asian-NH,47,"970,100",4.845,4.94
Suicide,Alameda,2000-2002,Race/Ethnicity,Black-NH,34,"622,600",5.461,5.596
Suicide,Alameda,2000-2002,Race/Ethnicity,Hisp,31,"858,900",3.609,4.775
Suicide,Alameda,2000-2002,Race/Ethnicity,White-NH,234,"1,757,000",13.32,11.89
Suicide,Alameda,2003-2005,Race/Ethnicity,Asian-NH,46,"1,028,000",4.473,4.353
Suicide,Alameda,2003-2005,Race/Ethnicity,Black-NH,36,"596,200",6.038,6.004
Suicide,Alameda,2003-2005,Race/Ethnicity,Hisp,44,"903,100",4.872,5.719
Suicide,Alameda,2003-2005,Race/Ethnicity,White-NH,213,"1,677,000",12.7,10.98
Suicide,Alameda,2006-2008,Race/Ethnicity,Asian-NH,53,"1,093,000",4.851,4.842
Suicide,Alameda,2006-2008,Race/Ethnicity,Black-NH,30,"576,200",5.206,5.035
Suicide,Alameda,2006-2008,Race/Ethnicity,Hisp,34,"950,000",3.579,5.17
Suicide,Alameda,2006-2008,Race/Ethnicity,Multi-NH,14,"154,100",9.082,13.71
Suicide,Alameda,2006-2008,Race/Ethnicity,White-NH,217,"1,613,000",13.45,11.38
Suicide,Alameda,2009-2011,Race/Ethnicity,Asian-NH,59,"1,180,000",5.001,4.994
Suicide,Alameda,2009-2011,Race/Ethnicity,Black-NH,40,"561,000",7.13,6.849
Suicide,Alameda,2009-2011,Race/Ethnicity,Hisp,57,"1,024,000",5.564,6.107
Suicide,Alameda,2009-2011,Race/Ethnicity,White-NH,242,"1,564,000",15.47,12.87
Suicide,Alameda,2012-2014,Race/Ethnicity,Asian-NH,84,"1,259,000",6.671,6.343
Suicide,Alameda,2012-2014,Race/Ethnicity,Black-NH,35,"564,700",6.198,5.993
Suicide,Alameda,2012-2014,Race/Ethnicity,Hisp,43,"1,087,000",3.957,4.007
Suicide,Alameda,2012-2014,Race/Ethnicity,White-NH,260,"1,579,000",16.46,14.44
Suicide,Alameda,2015-2017,Race/Ethnicity,Asian-NH,82,"1,338,000",6.13,5.953
Suicide,Alameda,2015-2017,Race/Ethnicity,Black-NH,41,"567,200",7.228,7.083
Suicide,Alameda,2015-2017,Race/Ethnicity,Hisp,60,"1,145,000",5.242,5.794
Suicide,Alameda,2015-2017,Race/Ethnicity,White-NH,247,"1,589,000",15.55,13.31
Suicide,Amador,2000-2002,Race/Ethnicity,White-NH,17,"88,520",19.2,20.07
Suicide,Amador,2006-2008,Race/Ethnicity,White-NH,26,"91,930",28.28,22.48
Suicide,Amador,2009-2011,Race/Ethnicity,White-NH,30,"90,840",33.02,25.79
Suicide,Amador,2012-2014,Race/Ethnicity,White-NH,33,"88,660",37.22,29.32
Suicide,Butte,2000-2002,Race/Ethnicity,White-NH,99,"493,000",20.08,18.72
Suicide,Butte,2003-2005,Race/Ethnicity,White-NH,104,"500,500",20.78,19.77
Suicide,Butte,2006-2008,Race/Ethnicity,White-NH,106,"503,500",21.05,20.07
Suicide,Butte,2009-2011,Race/Ethnicity,White-NH,128,"498,200",25.69,23.34
Suicide,Butte,2012-2014,Race/Ethnicity,White-NH,95,"497,100",19.11,17.58
Suicide,Butte,2015-2017,Race/Ethnicity,White-NH,112,"500,000",22.4,19.91
Suicide,Calaveras,2000-2002,Race/Ethnicity,White-NH,19,"108,100",17.57,15.61
Suicide,Calaveras,2003-2005,Race/Ethnicity,White-NH,30,"113,300",26.48,25.11
Suicide,Calaveras,2015-2017,Race/Ethnicity,White-NH,38,"112,100",33.9,29.72
Suicide,CALIFORNIA,2000-2002,Race/Ethnicity,AIAN-NH,41,"531,100",7.719,7.81
Suicide,CALIFORNIA,2000-2002,Race/Ethnicity,Asian-NH,658,"11,980,000",5.493,5.585
Suicide,CALIFORNIA,2000-2002,Race/Ethnicity,Black-NH,430,"6,624,000",6.491,6.656
Suicide,CALIFORNIA,2000-2002,Race/Ethnicity,Hisp,1380,"34,400,000",4.012,4.684
Suicide,CALIFORNIA,2000-2002,Race/Ethnicity,Multi-NH,41,"1,964,000",2.088,2.184
Suicide,CALIFORNIA,2000-2002,Race/Ethnicity,NHPI-NH,26,"342,600",7.59,7.165
Suicide,CALIFORNIA,2000-2002,Race/Ethnicity,White-NH,6990,"47,610,000",14.68,13.3
Suicide,CALIFORNIA,2003-2005,Race/Ethnicity,AIAN-NH,46,"518,900",8.865,8.86
Suicide,CALIFORNIA,2003-2005,Race/Ethnicity,Asian-NH,719,"12,740,000",5.642,5.564
Suicide,CALIFORNIA,2003-2005,Race/Ethnicity,Black-NH,388,"6,673,000",5.814,5.864
Suicide,CALIFORNIA,2003-2005,Race/Ethnicity,Hisp,1563,"37,200,000",4.202,4.814
Suicide,CALIFORNIA,2003-2005,Race/Ethnicity,Multi-NH,88,"2,247,000",3.917,4.562
Suicide,CALIFORNIA,2003-2005,Race/Ethnicity,NHPI-NH,33,"361,100",9.139,10.12
Suicide,CALIFORNIA,2003-2005,Race/Ethnicity,White-NH,7027,"47,380,000",14.83,13.3
Suicide,CALIFORNIA,2006-2008,Race/Ethnicity,AIAN-NH,47,"510,300",9.211,8.825
Suicide,CALIFORNIA,2006-2008,Race/Ethnicity,Asian-NH,807,"13,420,000",6.013,5.814
Suicide,CALIFORNIA,2006-2008,Race/Ethnicity,Black-NH,432,"6,650,000",6.496,6.369
Suicide,CALIFORNIA,2006-2008,Race/Ethnicity,Hisp,1604,"39,550,000",4.055,4.562
Suicide,CALIFORNIA,2006-2008,Race/Ethnicity,Multi-NH,131,"2,477,000",5.289,7.063
Suicide,CALIFORNIA,2006-2008,Race/Ethnicity,NHPI-NH,30,"376,800",7.961,8.064
Suicide,CALIFORNIA,2006-2008,Race/Ethnicity,White-NH,7349,"46,670,000",15.75,13.77
Suicide,CALIFORNIA,2009-2011,Race/Ethnicity,AIAN-NH,59,"502,900",11.73,11.45
Suicide,CALIFORNIA,2009-2011,Race/Ethnicity,Asian-NH,935,"14,330,000",6.523,6.094
Suicide,CALIFORNIA,2009-2011,Race/Ethnicity,Black-NH,435,"6,606,000",6.584,6.414
Suicide,CALIFORNIA,2009-2011,Race/Ethnicity,Hisp,1857,"42,170,000",4.404,4.745
Suicide,CALIFORNIA,2009-2011,Race/Ethnicity,Multi-NH,175,"2,752,000",6.36,8.303
Suicide,CALIFORNIA,2009-2011,Race/Ethnicity,NHPI-NH,42,"398,900",10.53,9.709
Suicide,CALIFORNIA,2009-2011,Race/Ethnicity,White-NH,7937,"45,330,000",17.51,15.02
Suicide,CALIFORNIA,2012-2014,Race/Ethnicity,AIAN-NH,60,"512,900",11.7,11.54
Suicide,CALIFORNIA,2012-2014,Race/Ethnicity,Asian-NH,920,"15,060,000",6.108,5.722
Suicide,CALIFORNIA,2012-2014,Race/Ethnicity,Black-NH,428,"6,680,000",6.407,6.193
Suicide,CALIFORNIA,2012-2014,Race/Ethnicity,Hisp,1991,"44,310,000",4.494,4.713
Suicide,CALIFORNIA,2012-2014,Race/Ethnicity,Multi-NH,242,"2,993,000",8.085,9.462
Suicide,CALIFORNIA,2012-2014,Race/Ethnicity,NHPI-NH,41,"418,200",9.804,9.832
Suicide,CALIFORNIA,2012-2014,Race/Ethnicity,White-NH,8154,"45,180,000",18.05,15.43
Suicide,CALIFORNIA,2015-2017,Race/Ethnicity,AIAN-NH,74,"523,600",14.13,13.68
Suicide,CALIFORNIA,2015-2017,Race/Ethnicity,Asian-NH,1072,"15,730,000",6.813,6.433
Suicide,CALIFORNIA,2015-2017,Race/Ethnicity,Black-NH,456,"6,755,000",6.751,6.548
Suicide,CALIFORNIA,2015-2017,Race/Ethnicity,Hisp,2482,"46,350,000",5.355,5.506
Suicide,CALIFORNIA,2015-2017,Race/Ethnicity,Multi-NH,261,"3,204,000",8.146,9.573
Suicide,CALIFORNIA,2015-2017,Race/Ethnicity,NHPI-NH,40,"435,000",9.196,8.534
Suicide,CALIFORNIA,2015-2017,Race/Ethnicity,White-NH,8139,"45,010,000",18.08,15.58
Suicide,Contra Costa,2000-2002,Race/Ethnicity,Black-NH,12,"268,200",4.474,4.691
Suicide,Contra Costa,2000-2002,Race/Ethnicity,Hisp,21,"554,400",3.788,4.221
Suicide,Contra Costa,2000-2002,Race/Ethnicity,White-NH,211,"1,635,000",12.9,11.91
Suicide,Contra Costa,2003-2005,Race/Ethnicity,Asian-NH,18,"373,600",4.817,4.375
Suicide,Contra Costa,2003-2005,Race/Ethnicity,Black-NH,13,"274,000",4.745,4.817
Suicide,Contra Costa,2003-2005,Race/Ethnicity,Hisp,23,"615,100",3.739,3.66
Suicide,Contra Costa,2003-2005,Race/Ethnicity,White-NH,228,"1,618,000",14.09,13.1
Suicide,Contra Costa,2006-2008,Race/Ethnicity,Asian-NH,20,"403,700",4.954,5.066
Suicide,Contra Costa,2006-2008,Race/Ethnicity,Hisp,31,"676,700",4.581,6.387
Suicide,Contra Costa,2006-2008,Race/Ethnicity,White-NH,226,"1,584,000",14.27,12.65
Suicide,Contra Costa,2009-2011,Race/Ethnicity,Asian-NH,31,"448,500",6.912,6.362
Suicide,Contra Costa,2009-2011,Race/Ethnicity,Black-NH,17,"284,200",5.981,5.992
Suicide,Contra Costa,2009-2011,Race/Ethnicity,Hisp,52,"763,000",6.815,7.582
Suicide,Contra Costa,2009-2011,Race/Ethnicity,White-NH,234,"1,527,000",15.32,13.21
Suicide,Contra Costa,2012-2014,Race/Ethnicity,Asian-NH,25,"487,600",5.127,5.091
Suicide,Contra Costa,2012-2014,Race/Ethnicity,Black-NH,19,"290,700",6.536,6.743
Suicide,Contra Costa,2012-2014,Race/Ethnicity,Hisp,41,"825,600",4.966,5.239
Suicide,Contra Costa,2012-2014,Race/Ethnicity,Multi-NH,11,"123,200",8.929,10.02
Suicide,Contra Costa,2012-2014,Race/Ethnicity,White-NH,221,"1,516,000",14.58,12.77
Suicide,Contra Costa,2015-2017,Race/Ethnicity,Asian-NH,34,"532,100",6.39,6.527
Suicide,Contra Costa,2015-2017,Race/Ethnicity,Black-NH,18,"297,300",6.054,6.03
Suicide,Contra Costa,2015-2017,Race/Ethnicity,Hisp,59,"887,100",6.651,6.882
Suicide,Contra Costa,2015-2017,Race/Ethnicity,Multi-NH,15,"132,500",11.32,15.42
Suicide,Contra Costa,2015-2017,Race/Ethnicity,White-NH,227,"1,502,000",15.11,14.09
Suicide,Del Norte,2000-2002,Race/Ethnicity,White-NH,19,"57,580",33,29.27
Suicide,Del Norte,2009-2011,Race/Ethnicity,White-NH,13,"55,380",23.48,21.75
Suicide,Del Norte,2012-2014,Race/Ethnicity,White-NH,18,"52,850",34.06,30.51
Suicide,El Dorado,2003-2005,Race/Ethnicity,White-NH,73,"424,000",17.22,15.71
Suicide,El Dorado,2006-2008,Race/Ethnicity,White-NH,60,"434,000",13.82,13.43
Suicide,El Dorado,2012-2014,Race/Ethnicity,White-NH,88,"433,600",20.3,17.63
Suicide,El Dorado,2015-2017,Race/Ethnicity,White-NH,90,"436,700",20.61,20.36
Suicide,Fresno,2000-2002,Race/Ethnicity,Asian-NH,20,"208,700",9.582,10.41
Suicide,Fresno,2000-2002,Race/Ethnicity,Hisp,54,"1,103,000",4.897,6.097
Suicide,Fresno,2000-2002,Race/Ethnicity,White-NH,110,"956,600",11.5,10.63
Suicide,Fresno,2003-2005,Race/Ethnicity,Asian-NH,19,"227,400",8.355,9.438
Suicide,Fresno,2003-2005,Race/Ethnicity,Hisp,68,"1,202,000",5.657,6.317
Suicide,Fresno,2003-2005,Race/Ethnicity,White-NH,132,"959,900",13.75,13.03
Suicide,Fresno,2006-2008,Race/Ethnicity,Asian-NH,24,"245,600",9.774,10.57
Suicide,Fresno,2006-2008,Race/Ethnicity,Hisp,62,"1,301,000",4.764,5.289
Suicide,Fresno,2006-2008,Race/Ethnicity,White-NH,148,"954,700",15.5,13.66
Suicide,Fresno,2009-2011,Race/Ethnicity,Asian-NH,21,"263,400",7.972,8.482
Suicide,Fresno,2009-2011,Race/Ethnicity,Hisp,56,"1,406,000",3.984,4.334
Suicide,Fresno,2009-2011,Race/Ethnicity,White-NH,129,"923,900",13.96,12.32
Suicide,Fresno,2012-2014,Race/Ethnicity,Asian-NH,23,"274,800",8.37,8.926
Suicide,Fresno,2012-2014,Race/Ethnicity,Hisp,77,"1,477,000",5.213,5.565
Suicide,Fresno,2012-2014,Race/Ethnicity,White-NH,158,"913,700",17.29,16.05
Suicide,Fresno,2015-2017,Race/Ethnicity,Asian-NH,35,"286,700",12.21,12.97
Suicide,Fresno,2015-2017,Race/Ethnicity,Hisp,96,"1,557,000",6.167,6.398
Suicide,Fresno,2015-2017,Race/Ethnicity,White-NH,158,"911,800",17.33,16.43
Suicide,Glenn,2000-2002,Race/Ethnicity,White-NH,17,"49,160",34.58,33.99
Suicide,Glenn,2015-2017,Race/Ethnicity,White-NH,19,"46,290",41.05,33.45
Suicide,Humboldt,2000-2002,Race/Ethnicity,White-NH,69,"312,600",22.07,20.48
Suicide,Humboldt,2003-2005,Race/Ethnicity,White-NH,74,"316,200",23.4,21.09
Suicide,Humboldt,2006-2008,Race/Ethnicity,White-NH,75,"315,400",23.78,21.18
Suicide,Humboldt,2009-2011,Race/Ethnicity,White-NH,83,"313,000",26.51,23.77
Suicide,Humboldt,2012-2014,Race/Ethnicity,White-NH,92,"310,000",29.67,26.66
Suicide,Humboldt,2015-2017,Race/Ethnicity,White-NH,77,"309,700",24.87,22.77
Suicide,Imperial,2000-2002,Race/Ethnicity,Hisp,13,"323,000",4.024,4.286
Suicide,Imperial,2000-2002,Race/Ethnicity,White-NH,11,"82,920",13.27,11.77
Suicide,Imperial,2003-2005,Race/Ethnicity,Hisp,16,"352,600",4.538,5.248
Suicide,Imperial,2003-2005,Race/Ethnicity,White-NH,11,"80,400",13.68,12.01
Suicide,Imperial,2006-2008,Race/Ethnicity,Hisp,13,"389,300",3.339,3.67
Suicide,Imperial,2006-2008,Race/Ethnicity,White-NH,17,"79,350",21.43,16.12
Suicide,Imperial,2009-2011,Race/Ethnicity,Hisp,18,"420,600",4.28,4.519
Suicide,Imperial,2009-2011,Race/Ethnicity,White-NH,18,"74,390",24.2,18.23
Suicide,Imperial,2012-2014,Race/Ethnicity,Hisp,21,"438,700",4.787,5.215
Suicide,Imperial,2015-2017,Race/Ethnicity,Hisp,25,"465,000",5.377,5.577
Suicide,Imperial,2015-2017,Race/Ethnicity,White-NH,19,"73,320",25.91,22.87
Suicide,Inyo,2000-2002,Race/Ethnicity,White-NH,13,"40,260",32.29,22.97
Suicide,Kern,2000-2002,Race/Ethnicity,Hisp,37,"826,200",4.478,4.963
Suicide,Kern,2000-2002,Race/Ethnicity,White-NH,157,"976,500",16.08,15.47
Suicide,Kern,2003-2005,Race/Ethnicity,Hisp,35,"966,400",3.622,4.863
Suicide,Kern,2003-2005,Race/Ethnicity,White-NH,176,"989,800",17.78,16.82
Suicide,Kern,2006-2008,Race/Ethnicity,Hisp,54,"1,113,000",4.851,6.456
Suicide,Kern,2006-2008,Race/Ethnicity,White-NH,163,"1,010,000",16.14,15.01
Suicide,Kern,2009-2011,Race/Ethnicity,Hisp,57,"1,241,000",4.593,5.064
Suicide,Kern,2009-2011,Race/Ethnicity,White-NH,190,"978,100",19.43,17.76
Suicide,Kern,2012-2014,Race/Ethnicity,Black-NH,11,"142,100",7.74,6.761
Suicide,Kern,2012-2014,Race/Ethnicity,Hisp,74,"1,316,000",5.624,6.049
Suicide,Kern,2012-2014,Race/Ethnicity,White-NH,219,"972,900",22.51,20.03
Suicide,Kern,2015-2017,Race/Ethnicity,Asian-NH,11,"107,700",10.22,9.607
Suicide,Kern,2015-2017,Race/Ethnicity,Black-NH,11,"146,000",7.534,8.237
Suicide,Kern,2015-2017,Race/Ethnicity,Hisp,101,"1,398,000",7.222,7.688
Suicide,Kern,2015-2017,Race/Ethnicity,White-NH,224,"977,000",22.93,20.74
Suicide,Kings,2000-2002,Race/Ethnicity,White-NH,21,"165,200",12.71,12.33
Suicide,Kings,2003-2005,Race/Ethnicity,White-NH,26,"170,600",15.24,14.66
Suicide,Kings,2006-2008,Race/Ethnicity,White-NH,23,"172,900",13.3,12.29
Suicide,Kings,2009-2011,Race/Ethnicity,White-NH,23,"163,700",14.05,12.72
Suicide,Kings,2012-2014,Race/Ethnicity,White-NH,23,"154,300",14.91,14.63
Suicide,Kings,2015-2017,Race/Ethnicity,Hisp,16,"245,200",6.524,6.062
Suicide,Kings,2015-2017,Race/Ethnicity,White-NH,31,"153,100",20.25,17.79
Suicide,Lake,2000-2002,Race/Ethnicity,White-NH,43,"143,100",30.04,26.21
Suicide,Lake,2003-2005,Race/Ethnicity,White-NH,29,"146,800",19.76,17.41
Suicide,Lake,2006-2008,Race/Ethnicity,White-NH,35,"147,200",23.78,22.33
Suicide,Lake,2012-2014,Race/Ethnicity,White-NH,45,"141,900",31.71,26.9
Suicide,Lake,2015-2017,Race/Ethnicity,White-NH,50,"142,000",35.22,30.33
Suicide,Lassen,2000-2002,Race/Ethnicity,White-NH,21,"70,620",29.74,29.43
Suicide,Lassen,2009-2011,Race/Ethnicity,White-NH,11,"70,070",15.7,13.38
Suicide,Lassen,2012-2014,Race/Ethnicity,White-NH,24,"64,670",37.11,32.62
Suicide,Lassen,2015-2017,Race/Ethnicity,White-NH,16,"64,230",24.91,24.69
Suicide,Los Angeles,2000-2002,Race/Ethnicity,Asian-NH,218,"3,619,000",6.023,6.046
Suicide,Los Angeles,2000-2002,Race/Ethnicity,Black-NH,177,"2,704,000",6.545,6.77
Suicide,Los Angeles,2000-2002,Race/Ethnicity,Hisp,514,"12,950,000",3.969,4.602
Suicide,Los Angeles,2000-2002,Race/Ethnicity,White-NH,1276,"9,065,000",14.08,12.4
Suicide,Los Angeles,2003-2005,Race/Ethnicity,Asian-NH,223,"3,754,000",5.941,5.699
Suicide,Los Angeles,2003-2005,Race/Ethnicity,Black-NH,144,"2,665,000",5.404,5.448
Suicide,Los Angeles,2003-2005,Race/Ethnicity,Hisp,511,"13,520,000",3.78,4.199
Suicide,Los Angeles,2003-2005,Race/Ethnicity,Multi-NH,16,"464,500",3.444,3.794
Suicide,Los Angeles,2003-2005,Race/Ethnicity,White-NH,1193,"8,880,000",13.43,11.57
Suicide,Los Angeles,2006-2008,Race/Ethnicity,Asian-NH,240,"3,819,000",6.284,5.811
Suicide,Los Angeles,2006-2008,Race/Ethnicity,Black-NH,153,"2,574,000",5.944,5.806
Suicide,Los Angeles,2006-2008,Race/Ethnicity,Hisp,478,"13,790,000",3.465,3.762
Suicide,Los Angeles,2006-2008,Race/Ethnicity,Multi-NH,11,"495,900",2.218,2.696
Suicide,Los Angeles,2006-2008,Race/Ethnicity,White-NH,1175,"8,541,000",13.76,11.55
Suicide,Los Angeles,2009-2011,Race/Ethnicity,Asian-NH,294,"3,956,000",7.431,6.563
Suicide,Los Angeles,2009-2011,Race/Ethnicity,Black-NH,144,"2,498,000",5.764,5.568
Suicide,Los Angeles,2009-2011,Race/Ethnicity,Hisp,579,"14,180,000",4.084,4.221
Suicide,Los Angeles,2009-2011,Race/Ethnicity,Multi-NH,28,"542,400",5.162,6.27
Suicide,Los Angeles,2009-2011,Race/Ethnicity,White-NH,1242,"8,239,000",15.07,12.53
Suicide,Los Angeles,2012-2014,Race/Ethnicity,Asian-NH,280,"4,091,000",6.845,6.153
Suicide,Los Angeles,2012-2014,Race/Ethnicity,Black-NH,148,"2,506,000",5.905,5.818
Suicide,Los Angeles,2012-2014,Race/Ethnicity,Hisp,577,"14,700,000",3.926,4.009
Suicide,Los Angeles,2012-2014,Race/Ethnicity,Multi-NH,35,"585,900",5.974,6.866
Suicide,Los Angeles,2012-2014,Race/Ethnicity,White-NH,1262,"8,159,000",15.47,12.77
Suicide,Los Angeles,2015-2017,Race/Ethnicity,Asian-NH,308,"4,216,000",7.305,6.733
Suicide,Los Angeles,2015-2017,Race/Ethnicity,Black-NH,160,"2,511,000",6.372,6.312
Suicide,Los Angeles,2015-2017,Race/Ethnicity,Hisp,727,"15,210,000",4.779,4.828
Suicide,Los Angeles,2015-2017,Race/Ethnicity,Multi-NH,49,"622,600",7.87,8.883
Suicide,Los Angeles,2015-2017,Race/Ethnicity,White-NH,1249,"7,994,000",15.62,12.93
Suicide,Madera,2000-2002,Race/Ethnicity,White-NH,21,"173,800",12.08,11.32
Suicide,Madera,2003-2005,Race/Ethnicity,White-NH,27,"177,400",15.22,12.43
Suicide,Madera,2006-2008,Race/Ethnicity,White-NH,34,"180,800",18.8,17.97
Suicide,Madera,2009-2011,Race/Ethnicity,White-NH,44,"173,500",25.36,21.56
Suicide,Madera,2012-2014,Race/Ethnicity,White-NH,55,"165,300",33.26,30.02
Suicide,Madera,2015-2017,Race/Ethnicity,Hisp,15,"267,300",5.612,6.211
Suicide,Madera,2015-2017,Race/Ethnicity,White-NH,33,"169,500",19.47,17.97
Suicide,Marin,2000-2002,Race/Ethnicity,White-NH,94,"579,000",16.23,14.17
Suicide,Marin,2003-2005,Race/Ethnicity,White-NH,85,"567,200",14.99,12.94
Suicide,Marin,2006-2008,Race/Ethnicity,White-NH,101,"561,100",18,14.93
Suicide,Marin,2009-2011,Race/Ethnicity,White-NH,101,"554,000",18.23,14.69
Suicide,Marin,2012-2014,Race/Ethnicity,White-NH,98,"553,600",17.7,14.05
Suicide,Marin,2015-2017,Race/Ethnicity,Hisp,12,"141,600",8.476,10.32
Suicide,Marin,2015-2017,Race/Ethnicity,White-NH,104,"540,000",19.26,15.15
Suicide,Mariposa,2009-2011,Race/Ethnicity,White-NH,12,"45,470",26.39,20.97
Suicide,Mariposa,2012-2014,Race/Ethnicity,White-NH,12,"44,790",26.79,27.52
Suicide,Mariposa,2015-2017,Race/Ethnicity,White-NH,16,"44,280",36.13,35.58
Suicide,Mendocino,2000-2002,Race/Ethnicity,White-NH,37,"194,300",19.04,17.51
Suicide,Mendocino,2003-2005,Race/Ethnicity,White-NH,43,"192,500",22.34,21.16
Suicide,Mendocino,2009-2011,Race/Ethnicity,White-NH,54,"180,400",29.94,24.98
Suicide,Mendocino,2012-2014,Race/Ethnicity,White-NH,52,"177,700",29.27,28.5
Suicide,Mendocino,2015-2017,Race/Ethnicity,White-NH,52,"175,800",29.58,26.15
Suicide,Merced,2000-2002,Race/Ethnicity,White-NH,41,"261,000",15.71,14.41
Suicide,Merced,2003-2005,Race/Ethnicity,Hisp,18,"349,500",5.15,6.318
Suicide,Merced,2003-2005,Race/Ethnicity,White-NH,32,"264,100",12.12,11.68
Suicide,Merced,2006-2008,Race/Ethnicity,Hisp,12,"388,400",3.09,3.43
Suicide,Merced,2006-2008,Race/Ethnicity,White-NH,30,"261,800",11.46,10.6
Suicide,Merced,2009-2011,Race/Ethnicity,Asian-NH,11,"55,630",19.78,21.96
Suicide,Merced,2009-2011,Race/Ethnicity,Hisp,21,"421,900",4.978,5.649
Suicide,Merced,2009-2011,Race/Ethnicity,White-NH,51,"248,800",20.5,18.44
Suicide,Merced,2012-2014,Race/Ethnicity,Hisp,21,"445,900",4.709,4.629
Suicide,Merced,2012-2014,Race/Ethnicity,White-NH,43,"245,800",17.5,16.08
Suicide,Merced,2015-2017,Race/Ethnicity,Hisp,34,"467,000",7.281,8.056
Suicide,Merced,2015-2017,Race/Ethnicity,White-NH,40,"244,900",16.34,15.53
Suicide,Monterey,2000-2002,Race/Ethnicity,Hisp,13,"586,400",2.217,2.24
Suicide,Monterey,2000-2002,Race/Ethnicity,White-NH,55,"482,100",11.41,10.4
Suicide,Monterey,2003-2005,Race/Ethnicity,Hisp,21,"621,600",3.378,3.763
Suicide,Monterey,2003-2005,Race/Ethnicity,White-NH,77,"461,900",16.67,13.5
Suicide,Monterey,2006-2008,Race/Ethnicity,Hisp,34,"645,700",5.266,5.605
Suicide,Monterey,2006-2008,Race/Ethnicity,White-NH,74,"434,800",17.02,14.82
Suicide,Monterey,2009-2011,Race/Ethnicity,Hisp,20,"691,300",2.893,2.873
Suicide,Monterey,2009-2011,Race/Ethnicity,White-NH,81,"412,800",19.62,16.46
Suicide,Monterey,2012-2014,Race/Ethnicity,Hisp,23,"732,800",3.139,4.201
Suicide,Monterey,2012-2014,Race/Ethnicity,White-NH,82,"403,700",20.31,16.97
Suicide,Monterey,2015-2017,Race/Ethnicity,Hisp,30,"774,100",3.876,4.347
Suicide,Monterey,2015-2017,Race/Ethnicity,White-NH,78,"395,000",19.74,16.07
Suicide,Napa,2000-2002,Race/Ethnicity,White-NH,27,"249,200",10.84,8.082
Suicide,Napa,2003-2005,Race/Ethnicity,White-NH,34,"248,500",13.68,12.92
Suicide,Napa,2006-2008,Race/Ethnicity,White-NH,43,"245,700",17.5,16.37
Suicide,Napa,2009-2011,Race/Ethnicity,White-NH,43,"233,700",18.4,15.45
Suicide,Napa,2012-2014,Race/Ethnicity,White-NH,42,"228,100",18.41,16.25
Suicide,Napa,2015-2017,Race/Ethnicity,White-NH,34,"225,700",15.06,12.61
Suicide,Nevada,2000-2002,Race/Ethnicity,White-NH,50,"250,400",19.97,17.78
Suicide,Nevada,2009-2011,Race/Ethnicity,White-NH,56,"256,100",21.86,21.77
Suicide,Nevada,2012-2014,Race/Ethnicity,White-NH,61,"252,900",24.12,20.59
Suicide,Nevada,2015-2017,Race/Ethnicity,White-NH,57,"252,100",22.61,17.53
Suicide,Orange,2000-2002,Race/Ethnicity,Asian-NH,74,"1,284,000",5.764,6.32
Suicide,Orange,2000-2002,Race/Ethnicity,Black-NH,12,"132,100",9.087,7.608
Suicide,Orange,2000-2002,Race/Ethnicity,Hisp,81,"2,680,000",3.022,4.033
Suicide,Orange,2000-2002,Race/Ethnicity,White-NH,541,"4,367,000",12.39,11.34
Suicide,Orange,2003-2005,Race/Ethnicity,Asian-NH,69,"1,369,000",5.039,4.988
Suicide,Orange,2003-2005,Race/Ethnicity,Hisp,90,"2,826,000",3.185,3.785
Suicide,Orange,2003-2005,Race/Ethnicity,White-NH,552,"4,310,000",12.81,11.62
Suicide,Orange,2006-2008,Race/Ethnicity,Asian-NH,93,"1,440,000",6.456,6.208
Suicide,Orange,2006-2008,Race/Ethnicity,Hisp,101,"2,920,000",3.459,3.876
Suicide,Orange,2006-2008,Race/Ethnicity,White-NH,601,"4,181,000",14.37,12.83
Suicide,Orange,2009-2011,Race/Ethnicity,Asian-NH,104,"1,587,000",6.552,6.211
Suicide,Orange,2009-2011,Race/Ethnicity,Hisp,93,"3,061,000",3.038,3.1
Suicide,Orange,2009-2011,Race/Ethnicity,White-NH,607,"4,031,000",15.06,13.03
Suicide,Orange,2012-2014,Race/Ethnicity,Asian-NH,102,"1,724,000",5.917,5.524
Suicide,Orange,2012-2014,Race/Ethnicity,Hisp,124,"3,210,000",3.862,4.228
Suicide,Orange,2012-2014,Race/Ethnicity,Multi-NH,13,"222,600",5.841,7.711
Suicide,Orange,2012-2014,Race/Ethnicity,White-NH,699,"3,993,000",17.51,14.99
Suicide,Orange,2015-2017,Race/Ethnicity,Asian-NH,113,"1,827,000",6.184,5.751
Suicide,Orange,2015-2017,Race/Ethnicity,Black-NH,16,"141,000",11.35,10.01
Suicide,Orange,2015-2017,Race/Ethnicity,Hisp,137,"3,340,000",4.102,4.04
Suicide,Orange,2015-2017,Race/Ethnicity,Multi-NH,16,"239,300",6.685,7.4
Suicide,Orange,2015-2017,Race/Ethnicity,White-NH,633,"3,942,000",16.06,13.73
Suicide,Placer,2003-2005,Race/Ethnicity,White-NH,90,"726,700",12.39,11.91
Suicide,Placer,2006-2008,Race/Ethnicity,White-NH,105,"775,200",13.54,12.54
Suicide,Placer,2009-2011,Race/Ethnicity,Hisp,13,"136,800",9.506,10.91
Suicide,Placer,2009-2011,Race/Ethnicity,White-NH,139,"801,000",17.35,16.08
Suicide,Placer,2012-2014,Race/Ethnicity,Hisp,11,"156,000",7.053,7.467
Suicide,Placer,2012-2014,Race/Ethnicity,White-NH,117,"822,800",14.22,12.04
Suicide,Placer,2015-2017,Race/Ethnicity,White-NH,124,"839,700",14.77,13.5
Suicide,Plumas,2000-2002,Race/Ethnicity,White-NH,11,"54,740",20.09,22.34
Suicide,Plumas,2003-2005,Race/Ethnicity,White-NH,14,"54,680",25.6,23.13
Suicide,Plumas,2015-2017,Race/Ethnicity,White-NH,12,"48,810",24.59,21.23
Suicide,Riverside,2000-2002,Race/Ethnicity,Asian-NH,12,"207,800",5.774,5.697
Suicide,Riverside,2000-2002,Race/Ethnicity,Black-NH,14,"297,900",4.699,5.512
Suicide,Riverside,2000-2002,Race/Ethnicity,Hisp,100,"1,869,000",5.35,6.307
Suicide,Riverside,2000-2002,Race/Ethnicity,White-NH,370,"2,383,000",15.53,14.29
Suicide,Riverside,2003-2005,Race/Ethnicity,Asian-NH,15,"274,200",5.47,6.612
Suicide,Riverside,2003-2005,Race/Ethnicity,Black-NH,17,"337,800",5.033,5.415
Suicide,Riverside,2003-2005,Race/Ethnicity,Hisp,102,"2,282,000",4.469,5.292
Suicide,Riverside,2003-2005,Race/Ethnicity,White-NH,380,"2,534,000",15,13.61
Suicide,Riverside,2006-2008,Race/Ethnicity,Asian-NH,22,"333,700",6.593,6.741
Suicide,Riverside,2006-2008,Race/Ethnicity,Black-NH,18,"374,700",4.804,4.678
Suicide,Riverside,2006-2008,Race/Ethnicity,Hisp,118,"2,681,000",4.401,5.159
Suicide,Riverside,2006-2008,Race/Ethnicity,White-NH,435,"2,669,000",16.3,14.72
Suicide,Riverside,2009-2011,Race/Ethnicity,Asian-NH,24,"378,800",6.336,6.112
Suicide,Riverside,2009-2011,Race/Ethnicity,Black-NH,28,"396,400",7.064,6.73
Suicide,Riverside,2009-2011,Race/Ethnicity,Hisp,118,"2,985,000",3.953,4.342
Suicide,Riverside,2009-2011,Race/Ethnicity,White-NH,449,"2,634,000",17.04,14.67
Suicide,Riverside,2012-2014,Race/Ethnicity,Asian-NH,17,"399,800",4.253,4.273
Suicide,Riverside,2012-2014,Race/Ethnicity,Black-NH,23,"411,600",5.589,5.739
Suicide,Riverside,2012-2014,Race/Ethnicity,Hisp,139,"3,173,000",4.38,4.504
Suicide,Riverside,2012-2014,Race/Ethnicity,Multi-NH,17,"149,800",11.35,15.95
Suicide,Riverside,2012-2014,Race/Ethnicity,White-NH,513,"2,647,000",19.38,16.99
Suicide,Riverside,2015-2017,Race/Ethnicity,Asian-NH,34,"418,300",8.128,7.791
Suicide,Riverside,2015-2017,Race/Ethnicity,Black-NH,19,"425,700",4.463,4.418
Suicide,Riverside,2015-2017,Race/Ethnicity,Hisp,181,"3,342,000",5.415,5.508
Suicide,Riverside,2015-2017,Race/Ethnicity,Multi-NH,13,"162,300",8.011,8.524
Suicide,Riverside,2015-2017,Race/Ethnicity,White-NH,544,"2,666,000",20.4,17.1
Suicide,Sacramento,2000-2002,Race/Ethnicity,Asian-NH,21,"454,100",4.624,4.619
Suicide,Sacramento,2000-2002,Race/Ethnicity,Black-NH,27,"372,600",7.246,7.968
Suicide,Sacramento,2000-2002,Race/Ethnicity,Hisp,41,"651,200",6.296,7.277
Suicide,Sacramento,2000-2002,Race/Ethnicity,White-NH,314,"2,137,000",14.7,13.7
Suicide,Sacramento,2003-2005,Race/Ethnicity,Asian-NH,41,"507,100",8.086,7.948
Suicide,Sacramento,2003-2005,Race/Ethnicity,Black-NH,32,"395,700",8.088,8.215
Suicide,Sacramento,2003-2005,Race/Ethnicity,Hisp,53,"740,000",7.162,8.656
Suicide,Sacramento,2003-2005,Race/Ethnicity,White-NH,350,"2,179,000",16.06,14.97
Suicide,Sacramento,2006-2008,Race/Ethnicity,Asian-NH,50,"550,400",9.084,9.157
Suicide,Sacramento,2006-2008,Race/Ethnicity,Black-NH,31,"410,400",7.553,7.445
Suicide,Sacramento,2006-2008,Race/Ethnicity,Hisp,38,"820,800",4.63,5.308
Suicide,Sacramento,2006-2008,Race/Ethnicity,White-NH,399,"2,159,000",18.48,16.69
Suicide,Sacramento,2009-2011,Race/Ethnicity,Asian-NH,33,"598,100",5.518,5.294
Suicide,Sacramento,2009-2011,Race/Ethnicity,Black-NH,27,"423,200",6.38,6.263
Suicide,Sacramento,2009-2011,Race/Ethnicity,Hisp,58,"914,500",6.343,7.273
Suicide,Sacramento,2009-2011,Race/Ethnicity,Multi-NH,15,"177,500",8.453,10.67
Suicide,Sacramento,2009-2011,Race/Ethnicity,White-NH,378,"2,088,000",18.11,15.84
Suicide,Sacramento,2012-2014,Race/Ethnicity,Asian-NH,46,"624,500",7.366,7.191
Suicide,Sacramento,2012-2014,Race/Ethnicity,Black-NH,31,"434,400",7.136,7.341
Suicide,Sacramento,2012-2014,Race/Ethnicity,Hisp,52,"969,900",5.361,5.822
Suicide,Sacramento,2012-2014,Race/Ethnicity,Multi-NH,16,"194,500",8.227,11.28
Suicide,Sacramento,2012-2014,Race/Ethnicity,White-NH,442,"2,083,000",21.22,18.56
Suicide,Sacramento,2015-2017,Race/Ethnicity,Asian-NH,61,"661,200",9.226,8.971
Suicide,Sacramento,2015-2017,Race/Ethnicity,Black-NH,24,"446,300",5.378,4.86
Suicide,Sacramento,2015-2017,Race/Ethnicity,Hisp,77,"1,026,000",7.505,8.081
Suicide,Sacramento,2015-2017,Race/Ethnicity,Multi-NH,22,"211,700",10.39,15.07
Suicide,Sacramento,2015-2017,Race/Ethnicity,White-NH,398,"2,086,000",19.08,17.09
Suicide,San Bernardino,2000-2002,Race/Ethnicity,Black-NH,27,"466,000",5.794,6.581
Suicide,San Bernardino,2000-2002,Race/Ethnicity,Hisp,98,"2,187,000",4.48,5.017
Suicide,San Bernardino,2000-2002,Race/Ethnicity,White-NH,353,"2,226,000",15.86,15.07
Suicide,San Bernardino,2003-2005,Race/Ethnicity,Asian-NH,22,"311,200",7.069,7.762
Suicide,San Bernardino,2003-2005,Race/Ethnicity,Black-NH,22,"493,300",4.46,5.131
Suicide,San Bernardino,2003-2005,Race/Ethnicity,Hisp,113,"2,490,000",4.538,5.689
Suicide,San Bernardino,2003-2005,Race/Ethnicity,White-NH,378,"2,249,000",16.81,16.06
Suicide,San Bernardino,2006-2008,Race/Ethnicity,Asian-NH,19,"341,000",5.572,5.687
Suicide,San Bernardino,2006-2008,Race/Ethnicity,Black-NH,38,"515,100",7.378,7.473
Suicide,San Bernardino,2006-2008,Race/Ethnicity,Hisp,131,"2,755,000",4.755,5.563
Suicide,San Bernardino,2006-2008,Race/Ethnicity,White-NH,355,"2,223,000",15.97,14.44
Suicide,San Bernardino,2009-2011,Race/Ethnicity,Asian-NH,13,"369,900",3.514,3.543
Suicide,San Bernardino,2009-2011,Race/Ethnicity,Black-NH,29,"519,600",5.581,5.418
Suicide,San Bernardino,2009-2011,Race/Ethnicity,Hisp,153,"2,996,000",5.106,5.636
Suicide,San Bernardino,2009-2011,Race/Ethnicity,White-NH,425,"2,077,000",20.46,18.41
Suicide,San Bernardino,2012-2014,Race/Ethnicity,Asian-NH,16,"377,000",4.244,4.094
Suicide,San Bernardino,2012-2014,Race/Ethnicity,Black-NH,34,"523,000",6.501,6.279
Suicide,San Bernardino,2012-2014,Race/Ethnicity,Hisp,164,"3,158,000",5.193,5.648
Suicide,San Bernardino,2012-2014,Race/Ethnicity,White-NH,384,"2,042,000",18.8,16.49
Suicide,San Bernardino,2015-2017,Race/Ethnicity,Asian-NH,33,"382,200",8.634,8.622
Suicide,San Bernardino,2015-2017,Race/Ethnicity,Black-NH,23,"533,000",4.315,4.429
Suicide,San Bernardino,2015-2017,Race/Ethnicity,Hisp,186,"3,289,000",5.655,5.879
Suicide,San Bernardino,2015-2017,Race/Ethnicity,White-NH,405,"2,037,000",19.88,18.35
Suicide,San Diego,2000-2002,Race/Ethnicity,Asian-NH,48,"809,000",5.934,5.541
Suicide,San Diego,2000-2002,Race/Ethnicity,Black-NH,40,"464,300",8.616,8.181
Suicide,San Diego,2000-2002,Race/Ethnicity,Hisp,106,"2,384,000",4.446,5.358
Suicide,San Diego,2000-2002,Race/Ethnicity,White-NH,743,"4,673,000",15.9,14.55
Suicide,San Diego,2003-2005,Race/Ethnicity,Asian-NH,47,"858,600",5.474,4.961
Suicide,San Diego,2003-2005,Race/Ethnicity,Black-NH,36,"462,800",7.779,7.421
Suicide,San Diego,2003-2005,Race/Ethnicity,Hisp,97,"2,581,000",3.758,4.353
Suicide,San Diego,2003-2005,Race/Ethnicity,Multi-NH,11,"223,300",4.926,7.311
Suicide,San Diego,2003-2005,Race/Ethnicity,White-NH,730,"4,669,000",15.64,14.06
Suicide,San Diego,2006-2008,Race/Ethnicity,Asian-NH,54,"907,700",5.949,5.56
Suicide,San Diego,2006-2008,Race/Ethnicity,Black-NH,24,"457,100",5.251,4.999
Suicide,San Diego,2006-2008,Race/Ethnicity,Hisp,117,"2,743,000",4.266,4.664
Suicide,San Diego,2006-2008,Race/Ethnicity,Multi-NH,13,"245,800",5.289,8.611
Suicide,San Diego,2006-2008,Race/Ethnicity,White-NH,772,"4,611,000",16.74,14.64
Suicide,San Diego,2009-2011,Race/Ethnicity,Asian-NH,66,"978,900",6.742,6.285
Suicide,San Diego,2009-2011,Race/Ethnicity,Black-NH,40,"455,800",8.776,8.452
Suicide,San Diego,2009-2011,Race/Ethnicity,Hisp,136,"2,967,000",4.583,4.984
Suicide,San Diego,2009-2011,Race/Ethnicity,Multi-NH,13,"275,300",4.723,6.534
Suicide,San Diego,2009-2011,Race/Ethnicity,White-NH,833,"4,552,000",18.3,15.61
Suicide,San Diego,2012-2014,Race/Ethnicity,Asian-NH,71,"1,027,000",6.915,6.506
Suicide,San Diego,2012-2014,Race/Ethnicity,Black-NH,39,"465,300",8.381,7.963
Suicide,San Diego,2012-2014,Race/Ethnicity,Hisp,159,"3,153,000",5.043,5.494
Suicide,San Diego,2012-2014,Race/Ethnicity,Multi-NH,32,"300,700",10.64,9.914
Suicide,San Diego,2012-2014,Race/Ethnicity,White-NH,918,"4,599,000",19.96,17.23
Suicide,San Diego,2015-2017,Race/Ethnicity,Asian-NH,79,"1,069,000",7.393,6.814
Suicide,San Diego,2015-2017,Race/Ethnicity,Black-NH,51,"469,600",10.86,9.895
Suicide,San Diego,2015-2017,Race/Ethnicity,Hisp,175,"3,303,000",5.298,5.443
Suicide,San Diego,2015-2017,Race/Ethnicity,Multi-NH,30,"315,700",9.503,10.96
Suicide,San Diego,2015-2017,Race/Ethnicity,White-NH,898,"4,631,000",19.39,17.1
Suicide,San Francisco,2000-2002,Race/Ethnicity,Asian-NH,54,"740,700",7.29,6.47
Suicide,San Francisco,2000-2002,Race/Ethnicity,Black-NH,18,"173,000",10.41,10.18
Suicide,San Francisco,2000-2002,Race/Ethnicity,Hisp,22,"333,800",6.591,6.179
Suicide,San Francisco,2000-2002,Race/Ethnicity,White-NH,181,"1,029,000",17.59,15.39
Suicide,San Francisco,2003-2005,Race/Ethnicity,Asian-NH,55,"754,300",7.292,6.272
Suicide,San Francisco,2003-2005,Race/Ethnicity,Black-NH,13,"162,200",8.013,7.849
Suicide,San Francisco,2003-2005,Race/Ethnicity,Hisp,20,"341,100",5.864,5.707
Suicide,San Francisco,2003-2005,Race/Ethnicity,White-NH,181,"1,011,000",17.9,15.55
Suicide,San Francisco,2006-2008,Race/Ethnicity,Asian-NH,58,"773,500",7.498,6.48
Suicide,San Francisco,2006-2008,Race/Ethnicity,Black-NH,19,"152,200",12.49,11.01
Suicide,San Francisco,2006-2008,Race/Ethnicity,Hisp,23,"351,700",6.539,6.354
Suicide,San Francisco,2006-2008,Race/Ethnicity,White-NH,189,"1,015,000",18.62,15.47
Suicide,San Francisco,2009-2011,Race/Ethnicity,Asian-NH,68,"806,700",8.43,7.014
Suicide,San Francisco,2009-2011,Race/Ethnicity,Hisp,26,"368,500",7.055,7.234
Suicide,San Francisco,2009-2011,Race/Ethnicity,White-NH,166,"1,024,000",16.22,14.42
Suicide,San Francisco,2012-2014,Race/Ethnicity,Asian-NH,42,"842,100",4.988,4.312
Suicide,San Francisco,2012-2014,Race/Ethnicity,Black-NH,11,"141,200",7.791,7.204
Suicide,San Francisco,2012-2014,Race/Ethnicity,Hisp,23,"394,100",5.837,5.871
Suicide,San Francisco,2012-2014,Race/Ethnicity,White-NH,121,"1,054,000",11.48,10.31
Suicide,San Francisco,2015-2017,Race/Ethnicity,Asian-NH,59,"864,900",6.821,5.645
Suicide,San Francisco,2015-2017,Race/Ethnicity,Black-NH,15,"139,700",10.73,9.123
Suicide,San Francisco,2015-2017,Race/Ethnicity,Hisp,41,"416,900",9.835,9.348
Suicide,San Francisco,2015-2017,Race/Ethnicity,White-NH,181,"1,072,000",16.89,15.04
Suicide,San Joaquin,2000-2002,Race/Ethnicity,Asian-NH,18,"214,700",8.385,8.617
Suicide,San Joaquin,2000-2002,Race/Ethnicity,Hisp,23,"568,300",4.047,5.031
Suicide,San Joaquin,2000-2002,Race/Ethnicity,White-NH,120,"800,600",14.99,14.36
Suicide,San Joaquin,2003-2005,Race/Ethnicity,Hisp,17,"656,600",2.589,3.311
Suicide,San Joaquin,2003-2005,Race/Ethnicity,White-NH,103,"810,500",12.71,11.87
Suicide,San Joaquin,2006-2008,Race/Ethnicity,Asian-NH,21,"266,600",7.876,8.184
Suicide,San Joaquin,2006-2008,Race/Ethnicity,Hisp,28,"729,600",3.838,4.373
Suicide,San Joaquin,2006-2008,Race/Ethnicity,White-NH,123,"794,700",15.48,14.33
Suicide,San Joaquin,2009-2011,Race/Ethnicity,Asian-NH,22,"286,100",7.689,7.764
Suicide,San Joaquin,2009-2011,Race/Ethnicity,Hisp,31,"799,200",3.879,4.199
Suicide,San Joaquin,2009-2011,Race/Ethnicity,White-NH,134,"747,900",17.92,16.38
Suicide,San Joaquin,2012-2014,Race/Ethnicity,Asian-NH,24,"298,600",8.036,8.246
Suicide,San Joaquin,2012-2014,Race/Ethnicity,Hisp,44,"845,800",5.202,5.923
Suicide,San Joaquin,2012-2014,Race/Ethnicity,White-NH,143,"739,000",19.35,17.12
Suicide,San Joaquin,2015-2017,Race/Ethnicity,Asian-NH,24,"314,900",7.622,7.661
Suicide,San Joaquin,2015-2017,Race/Ethnicity,Hisp,53,"899,000",5.895,5.952
Suicide,San Joaquin,2015-2017,Race/Ethnicity,White-NH,127,"743,800",17.08,15.79
Suicide,San Luis Obispo,2000-2002,Race/Ethnicity,White-NH,98,"571,400",17.15,16.18
Suicide,San Luis Obispo,2003-2005,Race/Ethnicity,White-NH,85,"576,400",14.75,13.09
Suicide,San Luis Obispo,2006-2008,Race/Ethnicity,White-NH,94,"578,800",16.24,14.27
Suicide,San Luis Obispo,2009-2011,Race/Ethnicity,Hisp,12,"168,000",7.141,7.625
Suicide,San Luis Obispo,2009-2011,Race/Ethnicity,White-NH,124,"575,200",21.56,18.08
Suicide,San Luis Obispo,2012-2014,Race/Ethnicity,Hisp,17,"177,800",9.564,10.43
Suicide,San Luis Obispo,2012-2014,Race/Ethnicity,White-NH,122,"577,200",21.14,17.45
Suicide,San Luis Obispo,2015-2017,Race/Ethnicity,Hisp,16,"185,000",8.649,9.4
Suicide,San Luis Obispo,2015-2017,Race/Ethnicity,White-NH,141,"577,200",24.43,18.99
Suicide,San Mateo,2000-2002,Race/Ethnicity,Asian-NH,15,"478,800",3.133,3.174
Suicide,San Mateo,2000-2002,Race/Ethnicity,White-NH,113,"1,011,000",11.18,9.68
Suicide,San Mateo,2003-2005,Race/Ethnicity,Asian-NH,30,"489,400",6.13,6.527
Suicide,San Mateo,2003-2005,Race/Ethnicity,Hisp,26,"497,400",5.227,6.317
Suicide,San Mateo,2003-2005,Race/Ethnicity,White-NH,134,"966,900",13.86,11.93
Suicide,San Mateo,2006-2008,Race/Ethnicity,Asian-NH,23,"504,800",4.556,4.344
Suicide,San Mateo,2006-2008,Race/Ethnicity,Hisp,26,"516,500",5.034,5.091
Suicide,San Mateo,2006-2008,Race/Ethnicity,White-NH,121,"940,300",12.87,10.21
Suicide,San Mateo,2009-2011,Race/Ethnicity,Asian-NH,20,"533,400",3.749,3.586
Suicide,San Mateo,2009-2011,Race/Ethnicity,Hisp,25,"549,700",4.548,5.612
Suicide,San Mateo,2009-2011,Race/Ethnicity,White-NH,153,"922,700",16.58,14.03
Suicide,San Mateo,2012-2014,Race/Ethnicity,Asian-NH,24,"566,100",4.239,4.315
Suicide,San Mateo,2012-2014,Race/Ethnicity,Hisp,19,"575,900",3.299,3.276
Suicide,San Mateo,2012-2014,Race/Ethnicity,White-NH,119,"933,900",12.74,10.67
Suicide,San Mateo,2015-2017,Race/Ethnicity,Asian-NH,32,"590,100",5.423,5.577
Suicide,San Mateo,2015-2017,Race/Ethnicity,Hisp,28,"599,700",4.669,4.811
Suicide,San Mateo,2015-2017,Race/Ethnicity,White-NH,111,"929,300",11.94,11.13
Suicide,Santa Barbara,2000-2002,Race/Ethnicity,Hisp,13,"429,500",3.027,2.788
Suicide,Santa Barbara,2000-2002,Race/Ethnicity,White-NH,114,"676,500",16.85,14.65
Suicide,Santa Barbara,2003-2005,Race/Ethnicity,Hisp,14,"466,400",3.001,3.225
Suicide,Santa Barbara,2003-2005,Race/Ethnicity,White-NH,88,"658,300",13.37,11.23
Suicide,Santa Barbara,2006-2008,Race/Ethnicity,Hisp,19,"502,000",3.785,5.051
Suicide,Santa Barbara,2006-2008,Race/Ethnicity,White-NH,81,"636,700",12.72,10.63
Suicide,Santa Barbara,2009-2011,Race/Ethnicity,Hisp,37,"544,800",6.792,7.215
Suicide,Santa Barbara,2009-2011,Race/Ethnicity,White-NH,95,"612,500",15.51,13.68
Suicide,Santa Barbara,2012-2014,Race/Ethnicity,Hisp,20,"579,400",3.452,3.595
Suicide,Santa Barbara,2012-2014,Race/Ethnicity,White-NH,120,"608,500",19.72,15.99
Suicide,Santa Barbara,2015-2017,Race/Ethnicity,Hisp,32,"612,800",5.222,5.37
Suicide,Santa Barbara,2015-2017,Race/Ethnicity,White-NH,139,"602,200",23.08,18.96
Suicide,Santa Clara,2000-2002,Race/Ethnicity,Asian-NH,56,"1,365,000",4.104,4.285
Suicide,Santa Clara,2000-2002,Race/Ethnicity,Hisp,48,"1,241,000",3.869,4.027
Suicide,Santa Clara,2000-2002,Race/Ethnicity,White-NH,255,"2,194,000",11.62,10.41
Suicide,Santa Clara,2003-2005,Race/Ethnicity,Asian-NH,55,"1,452,000",3.789,3.648
Suicide,Santa Clara,2003-2005,Race/Ethnicity,Hisp,56,"1,287,000",4.352,5.339
Suicide,Santa Clara,2003-2005,Race/Ethnicity,White-NH,261,"2,070,000",12.61,11.19
Suicide,Santa Clara,2006-2008,Race/Ethnicity,Asian-NH,69,"1,567,000",4.403,5.038
Suicide,Santa Clara,2006-2008,Race/Ethnicity,Black-NH,14,"129,100",10.85,9.68
Suicide,Santa Clara,2006-2008,Race/Ethnicity,Hisp,50,"1,354,000",3.693,3.876
Suicide,Santa Clara,2006-2008,Race/Ethnicity,Multi-NH,12,"134,400",8.928,13.13
Suicide,Santa Clara,2006-2008,Race/Ethnicity,White-NH,255,"1,994,000",12.79,11.07
Suicide,Santa Clara,2009-2011,Race/Ethnicity,Asian-NH,81,"1,710,000",4.737,4.89
Suicide,Santa Clara,2009-2011,Race/Ethnicity,Hisp,60,"1,448,000",4.143,4.687
Suicide,Santa Clara,2009-2011,Race/Ethnicity,White-NH,287,"1,909,000",15.03,12.79
Suicide,Santa Clara,2012-2014,Race/Ethnicity,Asian-NH,87,"1,827,000",4.763,4.703
Suicide,Santa Clara,2012-2014,Race/Ethnicity,Hisp,60,"1,524,000",3.937,4.03
Suicide,Santa Clara,2012-2014,Race/Ethnicity,Multi-NH,11,"165,000",6.666,6.628
Suicide,Santa Clara,2012-2014,Race/Ethnicity,White-NH,275,"1,918,000",14.34,12.1
Suicide,Santa Clara,2015-2017,Race/Ethnicity,Asian-NH,85,"1,922,000",4.422,4.468
Suicide,Santa Clara,2015-2017,Race/Ethnicity,Hisp,71,"1,590,000",4.467,4.609
Suicide,Santa Clara,2015-2017,Race/Ethnicity,Multi-NH,12,"175,800",6.827,7.869
Suicide,Santa Clara,2015-2017,Race/Ethnicity,White-NH,254,"1,916,000",13.25,11.29
Suicide,Santa Cruz,2000-2002,Race/Ethnicity,White-NH,88,"502,000",17.53,16.01
Suicide,Santa Cruz,2003-2005,Race/Ethnicity,White-NH,87,"485,600",17.91,15.69
Suicide,Santa Cruz,2006-2008,Race/Ethnicity,White-NH,74,"477,500",15.5,13.58
Suicide,Santa Cruz,2009-2011,Race/Ethnicity,Hisp,11,"253,300",4.343,4.868
Suicide,Santa Cruz,2009-2011,Race/Ethnicity,White-NH,92,"472,600",19.47,17.81
Suicide,Santa Cruz,2012-2014,Race/Ethnicity,Hisp,16,"270,400",5.918,5.994
Suicide,Santa Cruz,2012-2014,Race/Ethnicity,White-NH,100,"471,500",21.21,18.81
Suicide,Santa Cruz,2015-2017,Race/Ethnicity,Hisp,15,"285,400",5.255,6.026
Suicide,Santa Cruz,2015-2017,Race/Ethnicity,White-NH,109,"471,200",23.13,19.03
Suicide,Shasta,2000-2002,Race/Ethnicity,White-NH,99,"430,700",22.98,22.23
Suicide,Shasta,2003-2005,Race/Ethnicity,White-NH,84,"441,800",19.01,17.93
Suicide,Shasta,2006-2008,Race/Ethnicity,White-NH,110,"443,100",24.83,23.45
Suicide,Shasta,2009-2011,Race/Ethnicity,White-NH,116,"438,600",26.45,23.71
Suicide,Shasta,2012-2014,Race/Ethnicity,White-NH,121,"437,300",27.67,24.4
Suicide,Shasta,2015-2017,Race/Ethnicity,White-NH,116,"434,700",26.68,23.07
Suicide,Siskiyou,2000-2002,Race/Ethnicity,White-NH,25,"110,600",22.61,22.36
Suicide,Siskiyou,2003-2005,Race/Ethnicity,White-NH,33,"110,200",29.94,26.38
Suicide,Siskiyou,2006-2008,Race/Ethnicity,White-NH,31,"109,300",28.37,25.34
Suicide,Siskiyou,2009-2011,Race/Ethnicity,White-NH,26,"107,000",24.3,22.68
Suicide,Siskiyou,2012-2014,Race/Ethnicity,White-NH,31,"104,900",29.55,26.08
Suicide,Siskiyou,2015-2017,Race/Ethnicity,White-NH,30,"104,100",28.82,23.6
Suicide,Solano,2000-2002,Race/Ethnicity,Black-NH,12,"176,800",6.786,6.533
Suicide,Solano,2000-2002,Race/Ethnicity,Hisp,11,"228,600",4.811,6.953
Suicide,Solano,2000-2002,Race/Ethnicity,White-NH,85,"578,600",14.69,13.79
Suicide,Solano,2003-2005,Race/Ethnicity,Hisp,24,"249,700",9.613,9.584
Suicide,Solano,2003-2005,Race/Ethnicity,White-NH,71,"567,000",12.52,11.5
Suicide,Solano,2006-2008,Race/Ethnicity,Black-NH,13,"180,200",7.215,7.227
Suicide,Solano,2006-2008,Race/Ethnicity,Hisp,16,"268,900",5.95,6.983
Suicide,Solano,2006-2008,Race/Ethnicity,White-NH,77,"545,200",14.12,12.58
Suicide,Solano,2009-2011,Race/Ethnicity,Asian-NH,13,"176,400",7.37,7.108
Suicide,Solano,2009-2011,Race/Ethnicity,Black-NH,12,"178,900",6.709,7.252
Suicide,Solano,2009-2011,Race/Ethnicity,Hisp,27,"295,000",9.153,10.15
Suicide,Solano,2009-2011,Race/Ethnicity,White-NH,100,"512,300",19.52,17.05
Suicide,Solano,2012-2014,Race/Ethnicity,Asian-NH,13,"183,400",7.087,7.289
Suicide,Solano,2012-2014,Race/Ethnicity,Black-NH,17,"178,500",9.523,8.613
Suicide,Solano,2012-2014,Race/Ethnicity,Hisp,17,"312,300",5.443,6.213
Suicide,Solano,2012-2014,Race/Ethnicity,White-NH,97,"506,800",19.14,15.7
Suicide,Solano,2015-2017,Race/Ethnicity,Asian-NH,14,"192,500",7.274,7.879
Suicide,Solano,2015-2017,Race/Ethnicity,Hisp,26,"330,300",7.871,8.686
Suicide,Solano,2015-2017,Race/Ethnicity,White-NH,94,"513,200",18.32,16.39
Suicide,Sonoma,2000-2002,Race/Ethnicity,White-NH,147,"1,023,000",14.37,12.92
Suicide,Sonoma,2003-2005,Race/Ethnicity,Hisp,14,"289,100",4.842,5.906
Suicide,Sonoma,2003-2005,Race/Ethnicity,White-NH,158,"1,006,000",15.7,13.9
Suicide,Sonoma,2006-2008,Race/Ethnicity,Hisp,14,"318,800",4.391,5.348
Suicide,Sonoma,2006-2008,Race/Ethnicity,White-NH,156,"983,300",15.86,13.54
Suicide,Sonoma,2009-2011,Race/Ethnicity,Hisp,14,"360,000",3.889,5.209
Suicide,Sonoma,2009-2011,Race/Ethnicity,White-NH,179,"964,400",18.56,15.65
Suicide,Sonoma,2012-2014,Race/Ethnicity,Hisp,16,"384,900",4.157,5.132
Suicide,Sonoma,2012-2014,Race/Ethnicity,White-NH,170,"961,900",17.67,14.2
Suicide,Sonoma,2015-2017,Race/Ethnicity,Hisp,24,"408,900",5.869,6.049
Suicide,Sonoma,2015-2017,Race/Ethnicity,White-NH,166,"960,800",17.28,14.73
Suicide,Stanislaus,2000-2002,Race/Ethnicity,Hisp,16,"470,700",3.399,3.332
Suicide,Stanislaus,2000-2002,Race/Ethnicity,White-NH,105,"774,000",13.57,13.46
Suicide,Stanislaus,2003-2005,Race/Ethnicity,Hisp,37,"535,300",6.913,7.585
Suicide,Stanislaus,2003-2005,Race/Ethnicity,White-NH,113,"781,400",14.46,13.86
Suicide,Stanislaus,2006-2008,Race/Ethnicity,Hisp,21,"590,700",3.555,3.67
Suicide,Stanislaus,2006-2008,Race/Ethnicity,White-NH,118,"767,800",15.37,14.12
Suicide,Stanislaus,2009-2011,Race/Ethnicity,Hisp,31,"645,600",4.802,4.84
Suicide,Stanislaus,2009-2011,Race/Ethnicity,White-NH,118,"729,500",16.18,14.88
Suicide,Stanislaus,2012-2014,Race/Ethnicity,Hisp,34,"681,300",4.99,5.372
Suicide,Stanislaus,2012-2014,Race/Ethnicity,White-NH,110,"722,500",15.23,13.48
Suicide,Stanislaus,2015-2017,Race/Ethnicity,Hisp,31,"718,500",4.315,4.458
Suicide,Stanislaus,2015-2017,Race/Ethnicity,White-NH,123,"726,800",16.92,15.61
Suicide,Sutter,2000-2002,Race/Ethnicity,White-NH,30,"142,200",21.1,18.97
Suicide,Sutter,2003-2005,Race/Ethnicity,White-NH,23,"144,700",15.9,14.68
Suicide,Sutter,2006-2008,Race/Ethnicity,White-NH,19,"148,000",12.83,11.14
Suicide,Sutter,2009-2011,Race/Ethnicity,White-NH,25,"144,500",17.3,14.93
Suicide,Sutter,2012-2014,Race/Ethnicity,White-NH,38,"142,600",26.64,23.04
Suicide,Sutter,2015-2017,Race/Ethnicity,White-NH,30,"143,000",20.98,18.54
Suicide,Tehama,2000-2002,Race/Ethnicity,White-NH,31,"132,000",23.49,20.37
Suicide,Tehama,2006-2008,Race/Ethnicity,White-NH,37,"138,200",26.77,26.14
Suicide,Tehama,2009-2011,Race/Ethnicity,White-NH,31,"136,900",22.64,20.3
Suicide,Tehama,2012-2014,Race/Ethnicity,White-NH,30,"135,000",22.23,16.96
Suicide,Tehama,2015-2017,Race/Ethnicity,White-NH,28,"134,800",20.78,22.08
Suicide,Trinity,2003-2005,Race/Ethnicity,White-NH,17,"34,780",48.89,52.25
Suicide,Trinity,2006-2008,Race/Ethnicity,White-NH,13,"35,040",37.1,30.55
Suicide,Trinity,2015-2017,Race/Ethnicity,White-NH,13,"33,580",38.71,42.17
Suicide,Tulare,2000-2002,Race/Ethnicity,Hisp,19,"593,400",3.202,3.678
Suicide,Tulare,2000-2002,Race/Ethnicity,White-NH,56,"456,700",12.26,11.27
Suicide,Tulare,2003-2005,Race/Ethnicity,Hisp,41,"663,600",6.179,6.047
Suicide,Tulare,2003-2005,Race/Ethnicity,White-NH,58,"455,700",12.73,12.06
Suicide,Tulare,2006-2008,Race/Ethnicity,Hisp,31,"734,600",4.22,4.418
Suicide,Tulare,2006-2008,Race/Ethnicity,White-NH,76,"452,200",16.8,15.05
Suicide,Tulare,2009-2011,Race/Ethnicity,Hisp,32,"804,100",3.98,4.996
Suicide,Tulare,2009-2011,Race/Ethnicity,White-NH,81,"435,800",18.59,18.09
Suicide,Tulare,2012-2014,Race/Ethnicity,Hisp,46,"843,600",5.453,5.662
Suicide,Tulare,2012-2014,Race/Ethnicity,White-NH,79,"432,500",18.26,17.11
Suicide,Tulare,2015-2017,Race/Ethnicity,Hisp,74,"884,900",8.363,9.098
Suicide,Tulare,2015-2017,Race/Ethnicity,White-NH,66,"431,300",15.3,14.86
Suicide,Tuolumne,2000-2002,Race/Ethnicity,White-NH,28,"140,600",19.92,18.58
Suicide,Tuolumne,2003-2005,Race/Ethnicity,White-NH,38,"142,200",26.71,25.75
Suicide,Tuolumne,2009-2011,Race/Ethnicity,White-NH,37,"136,300",27.15,25.47
Suicide,Tuolumne,2015-2017,Race/Ethnicity,White-NH,39,"132,500",29.43,21.08
Suicide,Ventura,2000-2002,Race/Ethnicity,Hisp,35,"799,400",4.378,5.437
Suicide,Ventura,2000-2002,Race/Ethnicity,White-NH,161,"1,281,000",12.57,11.71
Suicide,Ventura,2003-2005,Race/Ethnicity,Hisp,37,"865,900",4.273,4.763
Suicide,Ventura,2003-2005,Race/Ethnicity,White-NH,171,"1,276,000",13.4,12.19
Suicide,Ventura,2006-2008,Race/Ethnicity,Hisp,42,"922,000",4.555,5.084
Suicide,Ventura,2006-2008,Race/Ethnicity,White-NH,205,"1,246,000",16.45,14.55
Suicide,Ventura,2009-2011,Race/Ethnicity,Hisp,37,"995,700",3.716,4.222
Suicide,Ventura,2009-2011,Race/Ethnicity,White-NH,230,"1,211,000",18.99,16.31
Suicide,Ventura,2012-2014,Race/Ethnicity,Asian-NH,15,"166,600",9.006,8.635
Suicide,Ventura,2012-2014,Race/Ethnicity,Hisp,49,"1,048,000",4.678,4.871
Suicide,Ventura,2012-2014,Race/Ethnicity,White-NH,220,"1,203,000",18.28,15.74
Suicide,Ventura,2015-2017,Race/Ethnicity,Asian-NH,11,"170,700",6.442,5.387
Suicide,Ventura,2015-2017,Race/Ethnicity,Hisp,39,"1,091,000",3.576,3.577
Suicide,Ventura,2015-2017,Race/Ethnicity,White-NH,230,"1,191,000",19.31,16.45
Suicide,Yolo,2000-2002,Race/Ethnicity,White-NH,41,"297,900",13.76,13.51
Suicide,Yolo,2003-2005,Race/Ethnicity,White-NH,35,"300,100",11.66,11.41
Suicide,Yolo,2006-2008,Race/Ethnicity,White-NH,45,"303,900",14.81,14.04
Suicide,Yolo,2009-2011,Race/Ethnicity,White-NH,34,"303,900",11.19,10.04
Suicide,Yolo,2012-2014,Race/Ethnicity,White-NH,39,"306,000",12.74,11.72
Suicide,Yolo,2015-2017,Race/Ethnicity,Hisp,16,"203,500",7.862,8.807
Suicide,Yolo,2015-2017,Race/Ethnicity,White-NH,54,"309,100",17.47,15.91
Suicide,Yuba,2006-2008,Race/Ethnicity,White-NH,35,"128,900",27.15,25.06
Suicide,Yuba,2009-2011,Race/Ethnicity,White-NH,24,"128,200",18.72,17.63
Suicide,Yuba,2012-2014,Race/Ethnicity,White-NH,27,"129,900",20.78,19.95
Suicide,Yuba,2015-2017,Race/Ethnicity,White-NH,33,"131,500",25.1,23.1
Suicide,San Francisco,2000-2002,Sex,Female,67,"1,153,000",5.809,4.898
Suicide,El Dorado,2000-2002,Sex,Female,13,"242,700",5.357,5.355
Suicide,Fresno,2000-2002,Sex,Female,36,"1,222,000",2.946,3.158
Suicide,Kern,2000-2002,Sex,Female,32,"991,600",3.227,3.476
Suicide,Riverside,2000-2002,Sex,Female,111,"2,444,000",4.542,4.754
Suicide,Santa Clara,2000-2002,Sex,Female,94,"2,508,000",3.749,3.706
Suicide,Sacramento,2000-2002,Sex,Female,95,"1,936,000",4.906,4.933
Suicide,Santa Barbara,2000-2002,Sex,Female,34,"604,200",5.627,5.741
Suicide,Yolo,2000-2002,Sex,Female,11,"268,200",4.101,4.908
Suicide,Monterey,2000-2002,Sex,Female,20,"588,400",3.399,3.646
Suicide,San Mateo,2000-2002,Sex,Female,34,"1,078,000",3.153,2.934
Suicide,San Diego,2000-2002,Sex,Female,236,"4,284,000",5.509,5.522
Suicide,Alameda,2000-2002,Sex,Female,81,"2,233,000",3.628,3.596
Suicide,Solano,2000-2002,Sex,Female,23,"600,500",3.83,3.901
Suicide,Humboldt,2000-2002,Sex,Female,11,"192,800",5.706,5.582
Suicide,Santa Cruz,2000-2002,Sex,Female,23,"384,800",5.978,5.973
Suicide,San Joaquin,2000-2002,Sex,Female,30,"882,000",3.401,3.596
Suicide,San Bernardino,2000-2002,Sex,Female,103,"2,651,000",3.885,4.18
Suicide,Placer,2000-2002,Sex,Female,20,"404,800",4.941,4.843
Suicide,Ventura,2000-2002,Sex,Female,46,"1,157,000",3.975,4.006
Suicide,Marin,2000-2002,Sex,Female,23,"375,900",6.119,5.237
Suicide,CALIFORNIA,2000-2002,Sex,Female,2077,"51,970,000",3.996,4.053
Suicide,Sonoma,2000-2002,Sex,Female,38,"707,700",5.37,4.815
Suicide,Los Angeles,2000-2002,Sex,Female,466,"14,640,000",3.184,3.303
Suicide,Shasta,2000-2002,Sex,Female,22,"256,100",8.59,8.717
Suicide,Butte,2000-2002,Sex,Female,23,"314,200",7.32,7.692
Suicide,Orange,2000-2002,Sex,Female,178,"4,363,000",4.08,4.168
Suicide,Contra Costa,2000-2002,Sex,Female,52,"1,488,000",3.495,3.331
Suicide,Stanislaus,2000-2002,Sex,Female,23,"703,800",3.268,3.418
Suicide,San Luis Obispo,2000-2002,Sex,Female,18,"366,500",4.911,4.64
Suicide,Nevada,2000-2002,Sex,Female,14,"141,700",9.883,10.47
Suicide,Shasta,2000-2002,Sex,Male,80,"244,600",32.7,33.38
Suicide,Santa Barbara,2000-2002,Sex,Male,105,"605,200",17.35,18.8
Suicide,Orange,2000-2002,Sex,Male,534,"4,295,000",12.43,13.66
Suicide,El Dorado,2000-2002,Sex,Male,53,"242,300",21.88,22.95
Suicide,Sacramento,2000-2002,Sex,Male,317,"1,853,000",17.1,18.44
Suicide,San Francisco,2000-2002,Sex,Male,213,"1,191,000",17.88,16.89
Suicide,Sonoma,2000-2002,Sex,Male,115,"684,200",16.81,17.3
Suicide,Alameda,2000-2002,Sex,Male,270,"2,150,000",12.56,13.92
Suicide,San Diego,2000-2002,Sex,Male,719,"4,325,000",16.62,18.03
Suicide,Placer,2000-2002,Sex,Male,76,"388,700",19.55,20.27
Suicide,Kern,2000-2002,Sex,Male,175,"1,049,000",16.68,19.99
Suicide,Monterey,2000-2002,Sex,Male,62,"629,300",9.852,10.54
Suicide,Riverside,2000-2002,Sex,Male,394,"2,424,000",16.25,17.91
Suicide,San Joaquin,2000-2002,Sex,Male,143,"877,900",16.29,18.37
Suicide,Ventura,2000-2002,Sex,Male,161,"1,149,000",14.02,15.63
Suicide,Humboldt,2000-2002,Sex,Male,68,"190,000",35.79,36.67
Suicide,Santa Clara,2000-2002,Sex,Male,274,"2,566,000",10.68,11.73
Suicide,Santa Cruz,2000-2002,Sex,Male,72,"382,900",18.81,20.65
Suicide,Nevada,2000-2002,Sex,Male,39,"138,300",28.2,28.43
Suicide,Butte,2000-2002,Sex,Male,79,"303,100",26.06,25.89
Suicide,Stanislaus,2000-2002,Sex,Male,102,"682,700",14.94,16.11
Suicide,Inyo,2000-2002,Sex,Male,13,"26,970",48.21,38.98
Suicide,San Luis Obispo,2000-2002,Sex,Male,87,"386,400",22.52,22.92
Suicide,CALIFORNIA,2000-2002,Sex,Male,7502,"51,480,000",14.57,16.04
Suicide,San Bernardino,2000-2002,Sex,Male,394,"2,633,000",14.97,18.22
Suicide,Solano,2000-2002,Sex,Male,94,"605,200",15.53,18.19
Suicide,San Mateo,2000-2002,Sex,Male,111,"1,042,000",10.65,11.24
Suicide,Contra Costa,2000-2002,Sex,Male,203,"1,415,000",14.35,15.47
Suicide,Marin,2000-2002,Sex,Male,77,"366,600",21,19.75
Suicide,Los Angeles,2000-2002,Sex,Male,1734,"14,270,000",12.16,13.66
Suicide,Yolo,2000-2002,Sex,Male,40,"255,900",15.63,17.18
Suicide,Fresno,2000-2002,Sex,Male,155,"1,224,000",12.67,14.64
Suicide,Lassen,2000-2002,Sex,Total,21,"101,100",20.77,22.85
Suicide,Solano,2000-2002,Sex,Total,117,"1,206,000",9.703,10.41
Suicide,Siskiyou,2000-2002,Sex,Total,27,"133,100",20.29,20.31
Suicide,El Dorado,2000-2002,Sex,Total,66,"484,900",13.61,13.92
Suicide,Napa,2000-2002,Sex,Total,33,"378,700",8.714,7.858
Suicide,San Luis Obispo,2000-2002,Sex,Total,105,"752,900",13.95,13.68
Suicide,Calaveras,2000-2002,Sex,Total,19,"124,200",15.3,13.72
Suicide,Madera,2000-2002,Sex,Total,35,"379,200",9.23,9.872
Suicide,Marin,2000-2002,Sex,Total,100,"742,500",13.47,12.1
Suicide,Contra Costa,2000-2002,Sex,Total,255,"2,903,000",8.784,8.875
Suicide,Lake,2000-2002,Sex,Total,43,"179,500",23.95,21.43
Suicide,Shasta,2000-2002,Sex,Total,102,"500,800",20.37,20.13
Suicide,Santa Cruz,2000-2002,Sex,Total,95,"767,600",12.38,12.52
Suicide,Monterey,2000-2002,Sex,Total,82,"1,218,000",6.734,7.151
Suicide,Sonoma,2000-2002,Sex,Total,153,"1,392,000",10.99,10.57
Suicide,Tuolumne,2000-2002,Sex,Total,28,"165,800",16.88,15.52
Suicide,Tehama,2000-2002,Sex,Total,33,"169,600",19.46,18.06
Suicide,Santa Barbara,2000-2002,Sex,Total,139,"1,209,000",11.49,11.88
Suicide,Fresno,2000-2002,Sex,Total,191,"2,446,000",7.809,8.538
Suicide,Yuba,2000-2002,Sex,Total,25,"184,500",13.55,15
Suicide,Santa Clara,2000-2002,Sex,Total,368,"5,074,000",7.253,7.412
Suicide,Yolo,2000-2002,Sex,Total,51,"524,200",9.729,10.87
Suicide,Plumas,2000-2002,Sex,Total,11,"62,050",17.73,19.48
Suicide,Inyo,2000-2002,Sex,Total,13,"54,740",23.75,18.91
Suicide,Amador,2000-2002,Sex,Total,17,"107,500",15.81,15.54
Suicide,San Bernardino,2000-2002,Sex,Total,497,"5,284,000",9.406,10.64
Suicide,Sutter,2000-2002,Sex,Total,35,"241,400",14.5,15.04
Suicide,Merced,2000-2002,Sex,Total,55,"651,200",8.446,9.867
Suicide,San Francisco,2000-2002,Sex,Total,280,"2,344,000",11.94,10.91
Suicide,Los Angeles,2000-2002,Sex,Total,2200,"28,900,000",7.612,8.094
Suicide,Orange,2000-2002,Sex,Total,712,"8,658,000",8.223,8.612
Suicide,Humboldt,2000-2002,Sex,Total,79,"382,800",20.64,20.06
Suicide,Glenn,2000-2002,Sex,Total,19,"79,960",23.76,24.81
Suicide,Stanislaus,2000-2002,Sex,Total,125,"1,386,000",9.016,9.49
Suicide,Riverside,2000-2002,Sex,Total,505,"4,868,000",10.37,11.01
Suicide,Kern,2000-2002,Sex,Total,207,"2,041,000",10.14,11.36
Suicide,Ventura,2000-2002,Sex,Total,207,"2,306,000",8.977,9.397
Suicide,Tulare,2000-2002,Sex,Total,80,"1,124,000",7.117,8.09
Suicide,San Mateo,2000-2002,Sex,Total,145,"2,121,000",6.837,6.694
Suicide,Mendocino,2000-2002,Sex,Total,43,"261,200",16.47,15.83
Suicide,Nevada,2000-2002,Sex,Total,53,"280,000",18.93,17.95
Suicide,Placer,2000-2002,Sex,Total,96,"793,500",12.1,12.12
Suicide,Alameda,2000-2002,Sex,Total,351,"4,383,000",8.009,8.269
Suicide,CALIFORNIA,2000-2002,Sex,Total,9579,"103,500,000",9.259,9.644
Suicide,Butte,2000-2002,Sex,Total,102,"617,300",16.52,16.26
Suicide,San Joaquin,2000-2002,Sex,Total,173,"1,760,000",9.83,10.5
Suicide,Kings,2000-2002,Sex,Total,32,"396,900",8.063,8.313
Suicide,Sacramento,2000-2002,Sex,Total,412,"3,790,000",10.87,11.16
Suicide,Del Norte,2000-2002,Sex,Total,19,"82,470",23.04,22.44
Suicide,Imperial,2000-2002,Sex,Total,26,"435,100",5.976,6.409
Suicide,San Diego,2000-2002,Sex,Total,955,"8,609,000",11.09,11.42
Suicide,Ventura,2003-2005,Sex,Female,58,"1,196,000",4.851,4.833
Suicide,Solano,2003-2005,Sex,Female,18,"613,900",2.932,2.909
Suicide,Marin,2003-2005,Sex,Female,31,"375,200",8.262,7.632
Suicide,Los Angeles,2003-2005,Sex,Female,473,"14,910,000",3.173,3.216
Suicide,Orange,2003-2005,Sex,Female,190,"4,465,000",4.256,4.266
Suicide,Contra Costa,2003-2005,Sex,Female,73,"1,532,000",4.764,4.622
Suicide,Nevada,2003-2005,Sex,Female,12,"147,100",8.156,6.808
Suicide,San Francisco,2003-2005,Sex,Female,65,"1,153,000",5.64,5.052
Suicide,San Diego,2003-2005,Sex,Female,225,"4,419,000",5.092,5.067
Suicide,San Mateo,2003-2005,Sex,Female,47,"1,069,000",4.395,3.963
Suicide,Sonoma,2003-2005,Sex,Female,44,"715,600",6.149,5.585
Suicide,Mendocino,2003-2005,Sex,Female,14,"132,400",10.57,10.36
Suicide,Sacramento,2003-2005,Sex,Female,125,"2,054,000",6.085,6.063
Suicide,San Luis Obispo,2003-2005,Sex,Female,15,"377,100",3.978,3.98
Suicide,Santa Cruz,2003-2005,Sex,Female,29,"383,100",7.569,7.031
Suicide,San Joaquin,2003-2005,Sex,Female,27,"958,900",2.816,2.98
Suicide,Santa Clara,2003-2005,Sex,Female,93,"2,521,000",3.688,3.668
Suicide,Placer,2003-2005,Sex,Female,26,"462,700",5.619,5.28
Suicide,Butte,2003-2005,Sex,Female,26,"323,200",8.046,8.471
Suicide,Humboldt,2003-2005,Sex,Female,19,"197,500",9.622,8.889
Suicide,Monterey,2003-2005,Sex,Female,34,"597,000",5.695,5.856
Suicide,Napa,2003-2005,Sex,Female,14,"195,600",7.157,7.064
Suicide,CALIFORNIA,2003-2005,Sex,Female,2275,"53,840,000",4.226,4.235
Suicide,Santa Barbara,2003-2005,Sex,Female,37,"614,800",6.019,6.102
Suicide,Riverside,2003-2005,Sex,Female,105,"2,795,000",3.756,3.892
Suicide,Siskiyou,2003-2005,Sex,Female,11,"67,920",16.2,14.23
Suicide,San Bernardino,2003-2005,Sex,Female,107,"2,859,000",3.742,3.975
Suicide,Kern,2003-2005,Sex,Female,51,"1,076,000",4.738,5.074
Suicide,Tulare,2003-2005,Sex,Female,15,"599,300",2.503,2.679
Suicide,Fresno,2003-2005,Sex,Female,35,"1,289,000",2.715,2.949
Suicide,Stanislaus,2003-2005,Sex,Female,41,"745,600",5.499,5.802
Suicide,Alameda,2003-2005,Sex,Female,94,"2,238,000",4.2,4.069
Suicide,Shasta,2003-2005,Sex,Female,21,"265,100",7.922,7.446
Suicide,Nevada,2003-2005,Sex,Male,30,"143,700",20.87,20.59
Suicide,Monterey,2003-2005,Sex,Male,79,"634,100",12.46,13.91
Suicide,Ventura,2003-2005,Sex,Male,165,"1,186,000",13.92,15.06
Suicide,Santa Barbara,2003-2005,Sex,Male,71,"617,600",11.5,12.04
Suicide,Santa Cruz,2003-2005,Sex,Male,71,"381,600",18.61,19.62
Suicide,Riverside,2003-2005,Sex,Male,416,"2,769,000",15.03,16.69
Suicide,San Luis Obispo,2003-2005,Sex,Male,77,"396,900",19.4,18.97
Suicide,Los Angeles,2003-2005,Sex,Male,1625,"14,520,000",11.19,12.32
Suicide,CALIFORNIA,2003-2005,Sex,Male,7605,"53,290,000",14.27,15.33
Suicide,Kern,2003-2005,Sex,Male,170,"1,143,000",14.87,17.26
Suicide,San Bernardino,2003-2005,Sex,Male,437,"2,834,000",15.42,18.08
Suicide,San Francisco,2003-2005,Sex,Male,213,"1,190,000",17.9,16.21
Suicide,Contra Costa,2003-2005,Sex,Male,216,"1,460,000",14.8,15.44
Suicide,San Diego,2003-2005,Sex,Male,706,"4,459,000",15.83,16.85
Suicide,San Joaquin,2003-2005,Sex,Male,110,"952,400",11.55,12.78
Suicide,Shasta,2003-2005,Sex,Male,71,"254,600",27.88,28.1
Suicide,Alameda,2003-2005,Sex,Male,255,"2,155,000",11.84,12.7
Suicide,Humboldt,2003-2005,Sex,Male,61,"195,700",31.18,31.5
Suicide,Sacramento,2003-2005,Sex,Male,365,"1,968,000",18.55,19.41
Suicide,Butte,2003-2005,Sex,Male,83,"313,400",26.49,26.53
Suicide,Placer,2003-2005,Sex,Male,78,"443,400",17.59,17.74
Suicide,Orange,2003-2005,Sex,Male,538,"4,389,000",12.26,13.36
Suicide,Stanislaus,2003-2005,Sex,Male,119,"725,700",16.4,17.9
Suicide,Solano,2003-2005,Sex,Male,97,"616,900",15.72,16.21
Suicide,Napa,2003-2005,Sex,Male,25,"194,800",12.84,12.45
Suicide,Fresno,2003-2005,Sex,Male,193,"1,289,000",14.98,16.48
Suicide,Mendocino,2003-2005,Sex,Male,36,"131,900",27.3,27.53
Suicide,Sonoma,2003-2005,Sex,Male,140,"692,100",20.23,20.16
Suicide,Marin,2003-2005,Sex,Male,67,"365,400",18.33,16.43
Suicide,Siskiyou,2003-2005,Sex,Male,22,"66,400",33.13,30.19
Suicide,Santa Clara,2003-2005,Sex,Male,297,"2,569,000",11.56,12.01
Suicide,Tulare,2003-2005,Sex,Male,89,"599,400",14.85,16.22
Suicide,San Mateo,2003-2005,Sex,Male,157,"1,034,000",15.18,15.42
Suicide,Lassen,2003-2005,Sex,Total,17,"103,200",16.48,17.12
Suicide,San Benito,2003-2005,Sex,Total,15,"165,900",9.041,9.003
Suicide,Merced,2003-2005,Sex,Total,53,"705,300",7.514,8.485
Suicide,Los Angeles,2003-2005,Sex,Total,2098,"29,420,000",7.13,7.453
Suicide,San Mateo,2003-2005,Sex,Total,204,"2,104,000",9.697,9.326
Suicide,San Bernardino,2003-2005,Sex,Total,544,"5,693,000",9.556,10.59
Suicide,Santa Clara,2003-2005,Sex,Total,390,"5,091,000",7.661,7.746
Suicide,Nevada,2003-2005,Sex,Total,42,"290,900",14.44,13.54
Suicide,San Diego,2003-2005,Sex,Total,931,"8,877,000",10.49,10.69
Suicide,Glenn,2003-2005,Sex,Total,11,"81,950",13.42,13.48
Suicide,Napa,2003-2005,Sex,Total,39,"390,400",9.991,9.697
Suicide,Tehama,2003-2005,Sex,Total,20,"178,400",11.21,11.25
Suicide,Santa Cruz,2003-2005,Sex,Total,101,"764,700",13.21,13.03
Suicide,Contra Costa,2003-2005,Sex,Total,289,"2,992,000",9.659,9.654
Suicide,Stanislaus,2003-2005,Sex,Total,160,"1,471,000",10.87,11.52
Suicide,Shasta,2003-2005,Sex,Total,92,"519,700",17.7,17.32
Suicide,Trinity,2003-2005,Sex,Total,19,"40,680",46.7,48.8
Suicide,Santa Barbara,2003-2005,Sex,Total,108,"1,232,000",8.764,8.762
Suicide,Amador,2003-2005,Sex,Total,23,"111,600",20.6,19.1
Suicide,Plumas,2003-2005,Sex,Total,16,"62,500",25.6,24.24
Suicide,Riverside,2003-2005,Sex,Total,521,"5,564,000",9.364,9.932
Suicide,Mendocino,2003-2005,Sex,Total,50,"264,300",18.92,18.77
Suicide,Ventura,2003-2005,Sex,Total,223,"2,381,000",9.365,9.649
Suicide,San Francisco,2003-2005,Sex,Total,278,"2,342,000",11.87,10.7
Suicide,Imperial,2003-2005,Sex,Total,30,"462,500",6.486,7.223
Suicide,Fresno,2003-2005,Sex,Total,228,"2,578,000",8.844,9.524
Suicide,Sutter,2003-2005,Sex,Total,27,"258,300",10.45,10.78
Suicide,Del Norte,2003-2005,Sex,Total,14,"84,360",16.59,15.52
Suicide,Orange,2003-2005,Sex,Total,728,"8,853,000",8.223,8.452
Suicide,Kings,2003-2005,Sex,Total,37,"426,000",8.685,9.342
Suicide,Sacramento,2003-2005,Sex,Total,490,"4,022,000",12.18,12.36
Suicide,Kern,2003-2005,Sex,Total,221,"2,220,000",9.956,10.98
Suicide,Butte,2003-2005,Sex,Total,109,"636,500",17.12,16.86
Suicide,Humboldt,2003-2005,Sex,Total,80,"393,100",20.35,19.39
Suicide,El Dorado,2003-2005,Sex,Total,76,"511,200",14.87,13.92
Suicide,Solano,2003-2005,Sex,Total,115,"1,231,000",9.343,9.439
Suicide,Inyo,2003-2005,Sex,Total,13,"55,540",23.41,20.14
Suicide,Calaveras,2003-2005,Sex,Total,30,"131,900",22.75,21.84
Suicide,Sonoma,2003-2005,Sex,Total,184,"1,408,000",13.07,12.44
Suicide,Mariposa,2003-2005,Sex,Total,12,"53,690",22.35,23.12
Suicide,San Luis Obispo,2003-2005,Sex,Total,92,"774,000",11.89,11.29
Suicide,Monterey,2003-2005,Sex,Total,113,"1,231,000",9.179,9.712
Suicide,Marin,2003-2005,Sex,Total,98,"740,700",13.23,11.53
Suicide,CALIFORNIA,2003-2005,Sex,Total,9881,"107,100,000",9.224,9.474
Suicide,Yuba,2003-2005,Sex,Total,35,"196,900",17.77,19.65
Suicide,Alameda,2003-2005,Sex,Total,349,"4,393,000",7.945,7.964
Suicide,Tulare,2003-2005,Sex,Total,104,"1,199,000",8.676,9.348
Suicide,Siskiyou,2003-2005,Sex,Total,33,"134,300",24.57,22.03
Suicide,Madera,2003-2005,Sex,Total,39,"409,200",9.531,10.64
Suicide,Yolo,2003-2005,Sex,Total,41,"555,400",7.382,8.004
Suicide,Tuolumne,2003-2005,Sex,Total,40,"169,300",23.63,22.06
Suicide,San Joaquin,2003-2005,Sex,Total,137,"1,911,000",7.168,7.652
Suicide,Placer,2003-2005,Sex,Total,104,"906,100",11.48,11.29
Suicide,Lake,2003-2005,Sex,Total,33,"187,700",17.58,16.91
Suicide,Humboldt,2006-2008,Sex,Female,26,"199,300",13.04,12.27
Suicide,Santa Clara,2006-2008,Sex,Female,116,"2,587,000",4.484,4.389
Suicide,Kern,2006-2008,Sex,Female,47,"1,168,000",4.022,4.347
Suicide,El Dorado,2006-2008,Sex,Female,19,"265,600",7.153,6.65
Suicide,Butte,2006-2008,Sex,Female,18,"330,000",5.454,5.89
Suicide,Santa Cruz,2006-2008,Sex,Female,13,"387,200",3.357,3.015
Suicide,Los Angeles,2006-2008,Sex,Female,463,"14,880,000",3.112,3.073
Suicide,Lake,2006-2008,Sex,Female,15,"96,170",15.6,15.78
Suicide,Riverside,2006-2008,Sex,Female,137,"3,128,000",4.38,4.533
Suicide,Merced,2006-2008,Sex,Female,11,"372,300",2.954,3.322
Suicide,Santa Barbara,2006-2008,Sex,Female,27,"622,400",4.338,4.15
Suicide,Orange,2006-2008,Sex,Female,228,"4,493,000",5.074,4.936
Suicide,San Mateo,2006-2008,Sex,Female,40,"1,075,000",3.721,3.378
Suicide,Fresno,2006-2008,Sex,Female,57,"1,350,000",4.222,4.425
Suicide,San Luis Obispo,2006-2008,Sex,Female,24,"386,600",6.209,5.98
Suicide,San Francisco,2006-2008,Sex,Female,62,"1,169,000",5.305,4.465
Suicide,Placer,2006-2008,Sex,Female,31,"505,900",6.127,5.867
Suicide,Mendocino,2006-2008,Sex,Female,16,"131,700",12.15,11.96
Suicide,Monterey,2006-2008,Sex,Female,30,"595,200",5.04,5.175
Suicide,Shasta,2006-2008,Sex,Female,18,"268,700",6.698,7.09
Suicide,San Diego,2006-2008,Sex,Female,225,"4,504,000",4.996,4.938
Suicide,Stanislaus,2006-2008,Sex,Female,30,"770,300",3.895,3.943
Suicide,CALIFORNIA,2006-2008,Sex,Female,2397,"55,120,000",4.349,4.281
Suicide,Yolo,2006-2008,Sex,Female,21,"299,000",7.024,7.383
Suicide,Sacramento,2006-2008,Sex,Female,115,"2,124,000",5.415,5.345
Suicide,Sonoma,2006-2008,Sex,Female,43,"721,300",5.961,5.192
Suicide,Contra Costa,2006-2008,Sex,Female,79,"1,569,000",5.036,4.735
Suicide,Solano,2006-2008,Sex,Female,28,"617,900",4.531,4.456
Suicide,Ventura,2006-2008,Sex,Female,57,"1,216,000",4.689,4.423
Suicide,Tehama,2006-2008,Sex,Female,11,"93,640",11.75,11.44
Suicide,Marin,2006-2008,Sex,Female,30,"378,100",7.934,5.941
Suicide,San Joaquin,2006-2008,Sex,Female,39,"1,007,000",3.874,4.046
Suicide,Madera,2006-2008,Sex,Female,13,"228,100",5.7,5.762
Suicide,Alameda,2006-2008,Sex,Female,92,"2,259,000",4.073,3.889
Suicide,Nevada,2006-2008,Sex,Female,11,"149,400",7.365,5.402
Suicide,San Bernardino,2006-2008,Sex,Female,128,"3,012,000",4.25,4.448
Suicide,Sacramento,2006-2008,Sex,Male,412,"2,037,000",20.22,20.83
Suicide,San Luis Obispo,2006-2008,Sex,Male,80,"406,200",19.69,19
Suicide,Butte,2006-2008,Sex,Male,99,"321,200",30.82,31.02
Suicide,Nevada,2006-2008,Sex,Male,41,"146,200",28.05,26.96
Suicide,San Francisco,2006-2008,Sex,Male,236,"1,204,000",19.6,17.15
Suicide,Placer,2006-2008,Sex,Male,82,"484,000",16.94,16.58
Suicide,Santa Clara,2006-2008,Sex,Male,288,"2,623,000",10.98,11.24
Suicide,El Dorado,2006-2008,Sex,Male,46,"265,400",17.33,17.64
Suicide,Orange,2006-2008,Sex,Male,584,"4,411,000",13.24,13.65
Suicide,Sonoma,2006-2008,Sex,Male,141,"698,300",20.19,19.43
Suicide,Stanislaus,2006-2008,Sex,Male,120,"752,000",15.96,17.15
Suicide,Marin,2006-2008,Sex,Male,86,"368,200",23.36,20.93
Suicide,Riverside,2006-2008,Sex,Male,467,"3,095,000",15.09,16.25
Suicide,Yolo,2006-2008,Sex,Male,42,"284,300",14.77,15.04
Suicide,CALIFORNIA,2006-2008,Sex,Male,8017,"54,540,000",14.7,15.37
Suicide,San Joaquin,2006-2008,Sex,Male,147,"999,200",14.71,16.51
Suicide,Humboldt,2006-2008,Sex,Male,61,"198,700",30.69,29.59
Suicide,San Diego,2006-2008,Sex,Male,763,"4,544,000",16.79,17.49
Suicide,Tehama,2006-2008,Sex,Male,26,"92,640",28.07,28.94
Suicide,Solano,2006-2008,Sex,Male,90,"619,200",14.53,15.08
Suicide,Kern,2006-2008,Sex,Male,181,"1,243,000",14.56,16.99
Suicide,Fresno,2006-2008,Sex,Male,191,"1,349,000",14.16,15.56
Suicide,Lake,2006-2008,Sex,Male,38,"95,980",39.59,39.01
Suicide,Mendocino,2006-2008,Sex,Male,49,"131,300",37.32,35.35
Suicide,Madera,2006-2008,Sex,Male,36,"211,400",17.03,19.11
Suicide,Ventura,2006-2008,Sex,Male,206,"1,203,000",17.12,17.94
Suicide,Los Angeles,2006-2008,Sex,Male,1612,"14,480,000",11.13,11.84
Suicide,Monterey,2006-2008,Sex,Male,89,"629,400",14.14,14.81
Suicide,Merced,2006-2008,Sex,Male,36,"374,700",9.608,11.02
Suicide,San Mateo,2006-2008,Sex,Male,145,"1,040,000",13.94,13.71
Suicide,Shasta,2006-2008,Sex,Male,99,"259,000",38.23,37.72
Suicide,Alameda,2006-2008,Sex,Male,263,"2,174,000",12.1,12.4
Suicide,Contra Costa,2006-2008,Sex,Male,216,"1,496,000",14.44,14.9
Suicide,Santa Barbara,2006-2008,Sex,Male,80,"627,100",12.76,13.71
Suicide,Santa Cruz,2006-2008,Sex,Male,73,"385,700",18.93,20.08
Suicide,San Bernardino,2006-2008,Sex,Male,423,"2,984,000",14.18,16.12
Suicide,Riverside,2006-2008,Sex,Total,604,"6,223,000",9.706,10.19
Suicide,Sacramento,2006-2008,Sex,Total,527,"4,161,000",12.66,12.7
Suicide,Trinity,2006-2008,Sex,Total,15,"41,330",36.29,33.26
Suicide,Mendocino,2006-2008,Sex,Total,65,"263,000",24.71,23.49
Suicide,Santa Clara,2006-2008,Sex,Total,404,"5,210,000",7.755,7.724
Suicide,Placer,2006-2008,Sex,Total,113,"989,900",11.42,10.96
Suicide,Alameda,2006-2008,Sex,Total,355,"4,433,000",8.008,7.856
Suicide,Santa Barbara,2006-2008,Sex,Total,107,"1,249,000",8.564,8.68
Suicide,Solano,2006-2008,Sex,Total,118,"1,237,000",9.538,9.577
Suicide,Stanislaus,2006-2008,Sex,Total,150,"1,522,000",9.853,10.27
Suicide,Ventura,2006-2008,Sex,Total,263,"2,419,000",10.87,10.85
Suicide,Kings,2006-2008,Sex,Total,35,"449,700",7.783,8.629
Suicide,Merced,2006-2008,Sex,Total,47,"747,000",6.292,6.916
Suicide,Shasta,2006-2008,Sex,Total,117,"527,700",22.17,21.54
Suicide,Sutter,2006-2008,Sex,Total,28,"276,600",10.12,10.26
Suicide,San Mateo,2006-2008,Sex,Total,185,"2,115,000",8.747,8.267
Suicide,Orange,2006-2008,Sex,Total,812,"8,904,000",9.119,9.104
Suicide,Imperial,2006-2008,Sex,Total,30,"499,500",6.006,6.652
Suicide,Lake,2006-2008,Sex,Total,53,"192,100",27.58,27.1
Suicide,Monterey,2006-2008,Sex,Total,119,"1,225,000",9.717,10.06
Suicide,El Dorado,2006-2008,Sex,Total,65,"531,100",12.24,12.03
Suicide,Los Angeles,2006-2008,Sex,Total,2075,"29,360,000",7.068,7.194
Suicide,San Diego,2006-2008,Sex,Total,988,"9,048,000",10.92,10.91
Suicide,Nevada,2006-2008,Sex,Total,52,"295,500",17.6,16.15
Suicide,Lassen,2006-2008,Sex,Total,21,"105,900",19.83,18.16
Suicide,Siskiyou,2006-2008,Sex,Total,33,"134,800",24.48,23.11
Suicide,Tehama,2006-2008,Sex,Total,37,"186,300",19.86,20.07
Suicide,San Luis Obispo,2006-2008,Sex,Total,104,"792,800",13.12,12.44
Suicide,Madera,2006-2008,Sex,Total,49,"439,400",11.15,11.9
Suicide,Calaveras,2006-2008,Sex,Total,24,"136,700",17.56,15.28
Suicide,San Francisco,2006-2008,Sex,Total,298,"2,373,000",12.56,10.93
Suicide,San Joaquin,2006-2008,Sex,Total,186,"2,006,000",9.273,9.983
Suicide,Butte,2006-2008,Sex,Total,117,"651,300",17.96,18.04
Suicide,Marin,2006-2008,Sex,Total,116,"746,300",15.54,13.48
Suicide,San Bernardino,2006-2008,Sex,Total,551,"5,996,000",9.19,9.952
Suicide,Sonoma,2006-2008,Sex,Total,184,"1,420,000",12.96,12.03
Suicide,Kern,2006-2008,Sex,Total,228,"2,412,000",9.453,10.51
Suicide,Santa Cruz,2006-2008,Sex,Total,86,"773,000",11.13,10.88
Suicide,Amador,2006-2008,Sex,Total,26,"113,900",22.83,18.33
Suicide,Fresno,2006-2008,Sex,Total,248,"2,699,000",9.187,9.822
Suicide,Contra Costa,2006-2008,Sex,Total,295,"3,065,000",9.626,9.437
Suicide,Yuba,2006-2008,Sex,Total,38,"210,900",18.02,18.68
Suicide,Napa,2006-2008,Sex,Total,50,"399,900",12.5,12.23
Suicide,Mariposa,2006-2008,Sex,Total,13,"55,010",23.63,21.42
Suicide,Tulare,2006-2008,Sex,Total,111,"1,271,000",8.732,9.849
Suicide,Humboldt,2006-2008,Sex,Total,87,"398,100",21.85,20.59
Suicide,Tuolumne,2006-2008,Sex,Total,38,"168,800",22.52,19.93
Suicide,CALIFORNIA,2006-2008,Sex,Total,10410,"109,700,000",9.497,9.571
Suicide,Yolo,2006-2008,Sex,Total,63,"583,300",10.8,11.21
Suicide,Orange,2009-2011,Sex,Female,207,"4,576,000",4.524,4.386
Suicide,Madera,2009-2011,Sex,Female,16,"234,000",6.837,6.971
Suicide,Solano,2009-2011,Sex,Female,37,"620,600",5.962,6.174
Suicide,Fresno,2009-2011,Sex,Female,58,"1,400,000",4.142,4.346
Suicide,Lake,2009-2011,Sex,Female,13,"96,680",13.45,12.79
Suicide,Santa Barbara,2009-2011,Sex,Female,27,"632,900",4.266,4.252
Suicide,Placer,2009-2011,Sex,Female,27,"536,700",5.031,4.884
Suicide,Butte,2009-2011,Sex,Female,26,"333,200",7.802,8.365
Suicide,Santa Clara,2009-2011,Sex,Female,118,"2,677,000",4.408,4.267
Suicide,Merced,2009-2011,Sex,Female,25,"382,900",6.529,6.739
Suicide,Humboldt,2009-2011,Sex,Female,22,"201,400",10.92,10.36
Suicide,San Mateo,2009-2011,Sex,Female,60,"1,101,000",5.45,4.999
Suicide,San Diego,2009-2011,Sex,Female,262,"4,637,000",5.65,5.371
Suicide,San Luis Obispo,2009-2011,Sex,Female,33,"394,000",8.376,8.031
Suicide,CALIFORNIA,2009-2011,Sex,Female,2691,"56,350,000",4.776,4.633
Suicide,Monterey,2009-2011,Sex,Female,27,"606,300",4.453,4.3
Suicide,Mendocino,2009-2011,Sex,Female,15,"131,100",11.44,11.41
Suicide,Shasta,2009-2011,Sex,Female,23,"270,300",8.51,7.722
Suicide,Riverside,2009-2011,Sex,Female,132,"3,308,000",3.991,3.978
Suicide,Ventura,2009-2011,Sex,Female,69,"1,245,000",5.544,5.062
Suicide,Contra Costa,2009-2011,Sex,Female,99,"1,617,000",6.121,5.767
Suicide,Alameda,2009-2011,Sex,Female,100,"2,318,000",4.313,4.12
Suicide,Tulare,2009-2011,Sex,Female,14,"663,300",2.111,2.319
Suicide,El Dorado,2009-2011,Sex,Female,24,"270,600",8.868,7.499
Suicide,Calaveras,2009-2011,Sex,Female,11,"68,220",16.13,16.5
Suicide,Sacramento,2009-2011,Sex,Female,134,"2,176,000",6.157,5.986
Suicide,Stanislaus,2009-2011,Sex,Female,38,"781,500",4.863,5.008
Suicide,Kern,2009-2011,Sex,Female,57,"1,223,000",4.662,4.955
Suicide,San Bernardino,2009-2011,Sex,Female,145,"3,082,000",4.705,4.826
Suicide,Santa Cruz,2009-2011,Sex,Female,29,"395,400",7.335,7.375
Suicide,Napa,2009-2011,Sex,Female,13,"204,900",6.345,4.679
Suicide,San Joaquin,2009-2011,Sex,Female,40,"1,035,000",3.864,4.05
Suicide,San Francisco,2009-2011,Sex,Female,74,"1,198,000",6.177,5.579
Suicide,Los Angeles,2009-2011,Sex,Female,517,"14,980,000",3.452,3.351
Suicide,Sonoma,2009-2011,Sex,Female,65,"737,300",8.816,7.832
Suicide,Nevada,2009-2011,Sex,Female,18,"149,300",12.06,13.82
Suicide,Marin,2009-2011,Sex,Female,38,"384,700",9.878,8.985
Suicide,Contra Costa,2009-2011,Sex,Male,254,"1,542,000",16.48,16.16
Suicide,Humboldt,2009-2011,Sex,Male,72,"202,600",35.53,33.81
Suicide,Fresno,2009-2011,Sex,Male,160,"1,398,000",11.44,12.37
Suicide,Santa Barbara,2009-2011,Sex,Male,110,"638,400",17.23,17.64
Suicide,Stanislaus,2009-2011,Sex,Male,130,"765,300",16.99,18.2
Suicide,San Luis Obispo,2009-2011,Sex,Male,113,"413,600",27.32,24.38
Suicide,San Mateo,2009-2011,Sex,Male,147,"1,065,000",13.8,12.93
Suicide,Butte,2009-2011,Sex,Male,108,"326,800",33.05,31.4
Suicide,Lake,2009-2011,Sex,Male,45,"97,350",46.23,40.34
Suicide,Marin,2009-2011,Sex,Male,79,"373,100",21.17,18.36
Suicide,Santa Cruz,2009-2011,Sex,Male,79,"394,100",20.05,19.84
Suicide,Shasta,2009-2011,Sex,Male,104,"261,100",39.83,37.83
Suicide,Santa Clara,2009-2011,Sex,Male,333,"2,702,000",12.32,12.25
Suicide,CALIFORNIA,2009-2011,Sex,Male,8790,"55,740,000",15.77,15.97
Suicide,Kern,2009-2011,Sex,Male,209,"1,300,000",16.07,17.87
Suicide,Plumas,2009-2011,Sex,Male,12,"29,980",40.02,33.78
Suicide,Tulare,2009-2011,Sex,Male,107,"665,200",16.09,18.11
Suicide,Nevada,2009-2011,Sex,Male,41,"146,100",28.07,26.52
Suicide,San Diego,2009-2011,Sex,Male,835,"4,676,000",17.86,17.93
Suicide,Solano,2009-2011,Sex,Male,124,"619,100",20.03,20.21
Suicide,Napa,2009-2011,Sex,Male,34,"204,200",16.65,16.56
Suicide,Inyo,2009-2011,Sex,Male,13,"27,960",46.5,36.75
Suicide,Sonoma,2009-2011,Sex,Male,143,"714,000",20.03,18.69
Suicide,Merced,2009-2011,Sex,Male,61,"388,100",15.72,17.64
Suicide,Monterey,2009-2011,Sex,Male,83,"641,600",12.94,13.41
Suicide,Alameda,2009-2011,Sex,Male,318,"2,233,000",14.24,14.33
Suicide,Los Angeles,2009-2011,Sex,Male,1783,"14,570,000",12.24,12.52
Suicide,San Bernardino,2009-2011,Sex,Male,492,"3,049,000",16.13,17.45
Suicide,Madera,2009-2011,Sex,Male,41,"217,800",18.82,20.03
Suicide,Calaveras,2009-2011,Sex,Male,26,"68,300",38.07,30.13
Suicide,Ventura,2009-2011,Sex,Male,221,"1,230,000",17.97,18.44
Suicide,San Francisco,2009-2011,Sex,Male,211,"1,233,000",17.11,15.47
Suicide,Orange,2009-2011,Sex,Male,622,"4,487,000",13.86,13.89
Suicide,El Dorado,2009-2011,Sex,Male,89,"270,900",32.85,30.91
Suicide,Placer,2009-2011,Sex,Male,134,"512,900",26.13,25.41
Suicide,Riverside,2009-2011,Sex,Male,501,"3,275,000",15.3,15.92
Suicide,San Joaquin,2009-2011,Sex,Male,161,"1,027,000",15.67,17.06
Suicide,Sacramento,2009-2011,Sex,Male,390,"2,091,000",18.66,18.99
Suicide,Mendocino,2009-2011,Sex,Male,49,"131,300",37.31,33.79
Suicide,Los Angeles,2009-2011,Sex,Total,2300,"29,540,000",7.785,7.693
Suicide,El Dorado,2009-2011,Sex,Total,113,"541,500",20.87,18.81
Suicide,Orange,2009-2011,Sex,Total,829,"9,063,000",9.147,8.931
Suicide,Fresno,2009-2011,Sex,Total,218,"2,799,000",7.79,8.178
Suicide,Marin,2009-2011,Sex,Total,117,"757,800",15.44,13.44
Suicide,Inyo,2009-2011,Sex,Total,13,"55,530",23.41,18.16
Suicide,Kings,2009-2011,Sex,Total,31,"455,300",6.808,6.967
Suicide,Sonoma,2009-2011,Sex,Total,208,"1,451,000",14.33,12.98
Suicide,Sacramento,2009-2011,Sex,Total,524,"4,267,000",12.28,12.06
Suicide,Alameda,2009-2011,Sex,Total,418,"4,551,000",9.185,8.902
Suicide,Del Norte,2009-2011,Sex,Total,20,"85,160",23.49,22.67
Suicide,Santa Barbara,2009-2011,Sex,Total,137,"1,271,000",10.78,10.87
Suicide,Humboldt,2009-2011,Sex,Total,94,"404,000",23.27,21.85
Suicide,Siskiyou,2009-2011,Sex,Total,32,"134,600",23.77,23.79
Suicide,San Joaquin,2009-2011,Sex,Total,201,"2,062,000",9.746,10.28
Suicide,San Mateo,2009-2011,Sex,Total,207,"2,166,000",9.557,8.756
Suicide,San Benito,2009-2011,Sex,Total,14,"166,400",8.414,9.689
Suicide,Yuba,2009-2011,Sex,Total,29,"217,100",13.36,13.85
Suicide,Lassen,2009-2011,Sex,Total,13,"104,200",12.48,11.89
Suicide,Placer,2009-2011,Sex,Total,161,"1,050,000",15.34,14.72
Suicide,Tulare,2009-2011,Sex,Total,121,"1,328,000",9.108,10.05
Suicide,Monterey,2009-2011,Sex,Total,110,"1,248,000",8.815,8.858
Suicide,Tuolumne,2009-2011,Sex,Total,41,"165,800",24.73,23.31
Suicide,Amador,2009-2011,Sex,Total,34,"113,900",29.86,24.98
Suicide,Lake,2009-2011,Sex,Total,58,"194,000",29.89,26.51
Suicide,Kern,2009-2011,Sex,Total,266,"2,523,000",10.54,11.37
Suicide,CALIFORNIA,2009-2011,Sex,Total,11480,"112,100,000",10.24,10.07
Suicide,Mariposa,2009-2011,Sex,Total,15,"54,760",27.39,23.39
Suicide,San Francisco,2009-2011,Sex,Total,285,"2,431,000",11.72,10.53
Suicide,Contra Costa,2009-2011,Sex,Total,353,"3,159,000",11.17,10.67
Suicide,Merced,2009-2011,Sex,Total,86,"771,000",11.15,12.09
Suicide,Calaveras,2009-2011,Sex,Total,37,"136,500",27.1,23.1
Suicide,Shasta,2009-2011,Sex,Total,127,"531,400",23.9,22.23
Suicide,Mendocino,2009-2011,Sex,Total,64,"262,500",24.38,22.3
Suicide,Riverside,2009-2011,Sex,Total,633,"6,583,000",9.616,9.745
Suicide,Sutter,2009-2011,Sex,Total,34,"284,700",11.94,11.95
Suicide,Ventura,2009-2011,Sex,Total,290,"2,474,000",11.72,11.4
Suicide,Stanislaus,2009-2011,Sex,Total,168,"1,547,000",10.86,11.29
Suicide,Nevada,2009-2011,Sex,Total,59,"295,300",19.98,19.98
Suicide,Imperial,2009-2011,Sex,Total,36,"526,100",6.843,7.183
Suicide,Napa,2009-2011,Sex,Total,47,"409,100",11.49,10.53
Suicide,San Luis Obispo,2009-2011,Sex,Total,146,"807,600",18.08,16.06
Suicide,San Diego,2009-2011,Sex,Total,1097,"9,314,000",11.78,11.42
Suicide,Plumas,2009-2011,Sex,Total,12,"59,970",20.01,16.41
Suicide,Butte,2009-2011,Sex,Total,134,"660,000",20.3,19.37
Suicide,Yolo,2009-2011,Sex,Total,49,"605,100",8.098,8.291
Suicide,Madera,2009-2011,Sex,Total,57,"451,800",12.62,13.1
Suicide,Tehama,2009-2011,Sex,Total,33,"190,200",17.35,16.36
Suicide,Solano,2009-2011,Sex,Total,161,"1,240,000",12.99,12.85
Suicide,San Bernardino,2009-2011,Sex,Total,637,"6,131,000",10.39,10.86
Suicide,Santa Clara,2009-2011,Sex,Total,451,"5,379,000",8.384,8.196
Suicide,Santa Cruz,2009-2011,Sex,Total,108,"789,400",13.68,13.47
Suicide,San Bernardino,2012-2014,Sex,Female,103,"3,159,000",3.26,3.268
Suicide,Merced,2012-2014,Sex,Female,18,"394,300",4.565,4.697
Suicide,Mendocino,2012-2014,Sex,Female,13,"132,000",9.849,9.317
Suicide,Nevada,2012-2014,Sex,Female,14,"148,700",9.414,7.83
Suicide,Humboldt,2012-2014,Sex,Female,28,"201,500",13.9,12.98
Suicide,San Luis Obispo,2012-2014,Sex,Female,34,"401,900",8.46,7.642
Suicide,Madera,2012-2014,Sex,Female,12,"235,500",5.095,5.255
Suicide,Tulare,2012-2014,Sex,Female,28,"682,800",4.101,4.442
Suicide,Sonoma,2012-2014,Sex,Female,45,"752,900",5.977,5.403
Suicide,San Francisco,2012-2014,Sex,Female,54,"1,248,000",4.327,3.761
Suicide,Santa Clara,2012-2014,Sex,Female,114,"2,780,000",4.101,3.887
Suicide,Stanislaus,2012-2014,Sex,Female,33,"799,100",4.13,4.194
Suicide,Marin,2012-2014,Sex,Female,32,"393,600",8.131,6.92
Suicide,San Joaquin,2012-2014,Sex,Female,49,"1,066,000",4.598,4.705
Suicide,Orange,2012-2014,Sex,Female,230,"4,708,000",4.885,4.602
Suicide,Kern,2012-2014,Sex,Female,71,"1,268,000",5.599,5.769
Suicide,Santa Cruz,2012-2014,Sex,Female,30,"405,000",7.408,7.118
Suicide,El Dorado,2012-2014,Sex,Female,17,"272,200",6.245,4.843
Suicide,Ventura,2012-2014,Sex,Female,79,"1,270,000",6.219,5.897
Suicide,Contra Costa,2012-2014,Sex,Female,77,"1,673,000",4.604,4.188
Suicide,Placer,2012-2014,Sex,Female,26,"557,500",4.663,3.812
Suicide,Riverside,2012-2014,Sex,Female,171,"3,436,000",4.977,4.86
Suicide,Napa,2012-2014,Sex,Female,12,"209,800",5.719,5.712
Suicide,San Diego,2012-2014,Sex,Female,307,"4,795,000",6.403,6.15
Suicide,San Mateo,2012-2014,Sex,Female,44,"1,140,000",3.859,3.657
Suicide,Fresno,2012-2014,Sex,Female,55,"1,441,000",3.818,4.018
Suicide,Monterey,2012-2014,Sex,Female,31,"622,900",4.977,5.107
Suicide,Alameda,2012-2014,Sex,Female,110,"2,408,000",4.568,4.334
Suicide,Santa Barbara,2012-2014,Sex,Female,37,"648,400",5.706,5.459
Suicide,Los Angeles,2012-2014,Sex,Female,506,"15,280,000",3.312,3.195
Suicide,Sacramento,2012-2014,Sex,Female,139,"2,230,000",6.234,5.939
Suicide,Shasta,2012-2014,Sex,Female,28,"272,700",10.27,9.772
Suicide,CALIFORNIA,2012-2014,Sex,Female,2711,"57,880,000",4.684,4.481
Suicide,Solano,2012-2014,Sex,Female,29,"634,500",4.57,4.114
Suicide,Butte,2012-2014,Sex,Female,24,"336,300",7.136,7.39
Suicide,El Dorado,2012-2014,Sex,Male,75,"273,700",27.4,24.9
Suicide,San Mateo,2012-2014,Sex,Male,129,"1,105,000",11.67,10.92
Suicide,Placer,2012-2014,Sex,Male,106,"534,800",19.82,18.29
Suicide,Contra Costa,2012-2014,Sex,Male,241,"1,596,000",15.1,14.98
Suicide,San Joaquin,2012-2014,Sex,Male,179,"1,058,000",16.92,18.22
Suicide,Sacramento,2012-2014,Sex,Male,453,"2,145,000",21.12,21.51
Suicide,Santa Barbara,2012-2014,Sex,Male,112,"657,300",17.04,17.13
Suicide,Santa Clara,2012-2014,Sex,Male,336,"2,817,000",11.93,11.74
Suicide,San Diego,2012-2014,Sex,Male,931,"4,837,000",19.25,19.4
Suicide,San Francisco,2012-2014,Sex,Male,150,"1,282,000",11.7,10.73
Suicide,Sonoma,2012-2014,Sex,Male,151,"729,100",20.71,19.25
Suicide,Marin,2012-2014,Sex,Male,78,"381,800",20.43,17.21
Suicide,Santa Cruz,2012-2014,Sex,Male,90,"404,800",22.23,23.02
Suicide,Riverside,2012-2014,Sex,Male,546,"3,400,000",16.06,16.53
Suicide,San Bernardino,2012-2014,Sex,Male,507,"3,122,000",16.24,17.66
Suicide,Mendocino,2012-2014,Sex,Male,49,"132,600",36.96,38.61
Suicide,Madera,2012-2014,Sex,Male,55,"221,700",24.81,26.89
Suicide,Shasta,2012-2014,Sex,Male,101,"263,300",38.36,35.04
Suicide,Kern,2012-2014,Sex,Male,253,"1,335,000",18.95,20.77
Suicide,CALIFORNIA,2012-2014,Sex,Male,9163,"57,270,000",16,16.09
Suicide,San Luis Obispo,2012-2014,Sex,Male,112,"420,300",26.65,24.55
Suicide,Tulare,2012-2014,Sex,Male,103,"685,000",15.04,16.29
Suicide,Humboldt,2012-2014,Sex,Male,77,"203,000",37.93,36.58
Suicide,Solano,2012-2014,Sex,Male,120,"629,000",19.08,18.78
Suicide,Monterey,2012-2014,Sex,Male,88,"657,200",13.39,13.74
Suicide,Fresno,2012-2014,Sex,Male,218,"1,439,000",15.15,16.79
Suicide,Ventura,2012-2014,Sex,Male,213,"1,257,000",16.95,17.07
Suicide,Napa,2012-2014,Sex,Male,42,"208,800",20.12,20.17
Suicide,Butte,2012-2014,Sex,Male,83,"331,600",25.03,24.4
Suicide,Los Angeles,2012-2014,Sex,Male,1821,"14,890,000",12.23,12.3
Suicide,Alameda,2012-2014,Sex,Male,329,"2,322,000",14.17,14.02
Suicide,Stanislaus,2012-2014,Sex,Male,130,"783,900",16.58,17.69
Suicide,Orange,2012-2014,Sex,Male,726,"4,625,000",15.7,15.62
Suicide,Nevada,2012-2014,Sex,Male,51,"145,400",35.07,30.99
Suicide,Merced,2012-2014,Sex,Male,51,"401,200",12.71,14.79
Suicide,Sutter,2012-2014,Sex,Total,48,"289,700",16.57,16.17
Suicide,Shasta,2012-2014,Sex,Total,129,"535,900",24.07,21.94
Suicide,Lassen,2012-2014,Sex,Total,24,"97,150",24.7,22.22
Suicide,Alameda,2012-2014,Sex,Total,439,"4,730,000",9.281,8.835
Suicide,Nevada,2012-2014,Sex,Total,65,"294,100",22.1,19.22
Suicide,Imperial,2012-2014,Sex,Total,36,"542,900",6.631,6.798
Suicide,Marin,2012-2014,Sex,Total,110,"775,400",14.19,11.91
Suicide,Madera,2012-2014,Sex,Total,67,"457,200",14.65,15.43
Suicide,CALIFORNIA,2012-2014,Sex,Total,11870,"115,200,000",10.31,10.05
Suicide,Riverside,2012-2014,Sex,Total,717,"6,836,000",10.49,10.51
Suicide,Yuba,2012-2014,Sex,Total,34,"223,000",15.24,15.37
Suicide,Lake,2012-2014,Sex,Total,52,"194,800",26.69,24.46
Suicide,Napa,2012-2014,Sex,Total,54,"418,600",12.9,12.41
Suicide,Colusa,2012-2014,Sex,Total,16,"65,890",24.28,26.57
Suicide,Siskiyou,2012-2014,Sex,Total,34,"134,000",25.37,23.92
Suicide,El Dorado,2012-2014,Sex,Total,92,"545,900",16.85,14.8
Suicide,Santa Clara,2012-2014,Sex,Total,450,"5,597,000",8.04,7.737
Suicide,San Luis Obispo,2012-2014,Sex,Total,146,"822,200",17.76,16.04
Suicide,San Mateo,2012-2014,Sex,Total,173,"2,246,000",7.704,7.099
Suicide,Stanislaus,2012-2014,Sex,Total,163,"1,583,000",10.3,10.54
Suicide,Plumas,2012-2014,Sex,Total,13,"59,340",21.91,19.79
Suicide,Tehama,2012-2014,Sex,Total,34,"191,300",17.77,15.42
Suicide,Placer,2012-2014,Sex,Total,132,"1,092,000",12.08,10.77
Suicide,Kern,2012-2014,Sex,Total,324,"2,604,000",12.44,13.18
Suicide,Orange,2012-2014,Sex,Total,956,"9,333,000",10.24,9.854
Suicide,Tulare,2012-2014,Sex,Total,131,"1,368,000",9.577,10.26
Suicide,Merced,2012-2014,Sex,Total,69,"795,400",8.675,9.511
Suicide,Inyo,2012-2014,Sex,Total,12,"55,780",21.51,16.16
Suicide,Tuolumne,2012-2014,Sex,Total,26,"164,600",15.79,14.2
Suicide,Butte,2012-2014,Sex,Total,107,"667,900",16.02,15.62
Suicide,Monterey,2012-2014,Sex,Total,119,"1,280,000",9.296,9.289
Suicide,Mendocino,2012-2014,Sex,Total,62,"264,600",23.43,23.98
Suicide,Sacramento,2012-2014,Sex,Total,592,"4,375,000",13.53,13.32
Suicide,Ventura,2012-2014,Sex,Total,292,"2,527,000",11.55,11.18
Suicide,Amador,2012-2014,Sex,Total,38,"112,800",33.7,27.63
Suicide,Yolo,2012-2014,Sex,Total,51,"623,400",8.18,8.515
Suicide,San Francisco,2012-2014,Sex,Total,204,"2,530,000",8.063,7.299
Suicide,San Bernardino,2012-2014,Sex,Total,610,"6,282,000",9.711,10.14
Suicide,San Diego,2012-2014,Sex,Total,1238,"9,632,000",12.85,12.54
Suicide,San Joaquin,2012-2014,Sex,Total,228,"2,123,000",10.74,11.16
Suicide,Del Norte,2012-2014,Sex,Total,20,"82,770",24.16,22.69
Suicide,Humboldt,2012-2014,Sex,Total,105,"404,500",25.96,24.72
Suicide,Kings,2012-2014,Sex,Total,41,"449,700",9.118,10.01
Suicide,Santa Barbara,2012-2014,Sex,Total,149,"1,306,000",11.41,11.08
Suicide,Mariposa,2012-2014,Sex,Total,16,"54,500",29.36,32.32
Suicide,Calaveras,2012-2014,Sex,Total,31,"135,400",22.89,19.99
Suicide,Fresno,2012-2014,Sex,Total,273,"2,880,000",9.481,10.18
Suicide,Contra Costa,2012-2014,Sex,Total,318,"3,268,000",9.73,9.341
Suicide,Los Angeles,2012-2014,Sex,Total,2327,"30,170,000",7.713,7.52
Suicide,Solano,2012-2014,Sex,Total,149,"1,264,000",11.79,11.17
Suicide,Santa Cruz,2012-2014,Sex,Total,120,"809,800",14.82,14.59
Suicide,Sonoma,2012-2014,Sex,Total,196,"1,482,000",13.22,11.79
Suicide,Contra Costa,2015-2017,Sex,Female,87,"1,733,000",5.021,4.779
Suicide,San Bernardino,2015-2017,Sex,Female,150,"3,243,000",4.626,4.691
Suicide,Shasta,2015-2017,Sex,Female,31,"272,400",11.38,10.24
Suicide,Humboldt,2015-2017,Sex,Female,26,"203,300",12.79,12.52
Suicide,Merced,2015-2017,Sex,Female,22,"405,600",5.424,5.81
Suicide,Tulare,2015-2017,Sex,Female,30,"701,100",4.279,4.483
Suicide,Madera,2015-2017,Sex,Female,11,"241,500",4.556,4.458
Suicide,Placer,2015-2017,Sex,Female,35,"574,300",6.094,5.753
Suicide,Solano,2015-2017,Sex,Female,35,"654,200",5.35,5.041
Suicide,Sacramento,2015-2017,Sex,Female,136,"2,301,000",5.911,5.643
Suicide,Fresno,2015-2017,Sex,Female,61,"1,485,000",4.108,4.354
Suicide,San Francisco,2015-2017,Sex,Female,84,"1,290,000",6.511,5.374
Suicide,Yolo,2015-2017,Sex,Female,15,"333,200",4.502,4.502
Suicide,San Luis Obispo,2015-2017,Sex,Female,44,"409,100",10.76,9.017
Suicide,Orange,2015-2017,Sex,Female,236,"4,809,000",4.907,4.589
Suicide,Nevada,2015-2017,Sex,Female,13,"149,300",8.707,6.621
Suicide,Santa Cruz,2015-2017,Sex,Female,46,"414,400",11.1,10.03
Suicide,Santa Clara,2015-2017,Sex,Female,92,"2,874,000",3.201,3.089
Suicide,Marin,2015-2017,Sex,Female,26,"400,300",6.495,4.715
Suicide,Santa Barbara,2015-2017,Sex,Female,53,"667,000",7.947,7.734
Suicide,Butte,2015-2017,Sex,Female,24,"339,900",7.062,6.719
Suicide,Kern,2015-2017,Sex,Female,83,"1,301,000",6.381,6.501
Suicide,Monterey,2015-2017,Sex,Female,34,"643,500",5.284,5.124
Suicide,CALIFORNIA,2015-2017,Sex,Female,2916,"59,330,000",4.915,4.681
Suicide,Sonoma,2015-2017,Sex,Female,49,"768,100",6.379,5.519
Suicide,Los Angeles,2015-2017,Sex,Female,539,"15,540,000",3.469,3.317
Suicide,San Mateo,2015-2017,Sex,Female,45,"1,170,000",3.847,3.706
Suicide,Imperial,2015-2017,Sex,Female,14,"276,700",5.06,5.423
Suicide,San Joaquin,2015-2017,Sex,Female,42,"1,110,000",3.783,3.768
Suicide,Alameda,2015-2017,Sex,Female,116,"2,499,000",4.641,4.277
Suicide,Lake,2015-2017,Sex,Female,14,"97,800",14.31,11.31
Suicide,Ventura,2015-2017,Sex,Female,64,"1,288,000",4.968,4.653
Suicide,Stanislaus,2015-2017,Sex,Female,38,"824,600",4.608,4.68
Suicide,Riverside,2015-2017,Sex,Female,202,"3,561,000",5.673,5.542
Suicide,San Diego,2015-2017,Sex,Female,305,"4,926,000",6.192,5.931
Suicide,El Dorado,2015-2017,Sex,Female,19,"275,000",6.908,5.689
Suicide,Santa Cruz,2015-2017,Sex,Male,90,"414,900",21.69,21.57
Suicide,Imperial,2015-2017,Sex,Male,34,"285,200",11.92,12.85
Suicide,Butte,2015-2017,Sex,Male,104,"336,100",30.94,30.71
Suicide,Tulare,2015-2017,Sex,Male,118,"703,700",16.77,18.18
Suicide,Shasta,2015-2017,Sex,Male,104,"262,900",39.56,37.53
Suicide,San Francisco,2015-2017,Sex,Male,225,"1,324,000",17,15.16
Suicide,Marin,2015-2017,Sex,Male,93,"389,400",23.88,20.61
Suicide,Merced,2015-2017,Sex,Male,63,"412,700",15.27,16.92
Suicide,Monterey,2015-2017,Sex,Male,87,"679,300",12.81,13.06
Suicide,Kern,2015-2017,Sex,Male,273,"1,369,000",19.94,21.39
Suicide,Sonoma,2015-2017,Sex,Male,156,"744,400",20.96,19.16
Suicide,Solano,2015-2017,Sex,Male,113,"648,500",17.42,17.21
Suicide,Stanislaus,2015-2017,Sex,Male,127,"810,500",15.67,16.21
Suicide,Lake,2015-2017,Sex,Male,45,"97,660",46.08,45.76
Suicide,Fresno,2015-2017,Sex,Male,242,"1,484,000",16.31,17.5
Suicide,Contra Costa,2015-2017,Sex,Male,269,"1,657,000",16.23,15.91
Suicide,San Bernardino,2015-2017,Sex,Male,516,"3,203,000",16.11,17.33
Suicide,Ventura,2015-2017,Sex,Male,224,"1,277,000",17.55,16.95
Suicide,CALIFORNIA,2015-2017,Sex,Male,9642,"58,780,000",16.4,16.2
Suicide,El Dorado,2015-2017,Sex,Male,79,"277,400",28.48,29.06
Suicide,Placer,2015-2017,Sex,Male,110,"553,500",19.87,18.18
Suicide,Alameda,2015-2017,Sex,Male,326,"2,414,000",13.51,13.17
Suicide,Los Angeles,2015-2017,Sex,Male,1971,"15,170,000",13,12.8
Suicide,Santa Clara,2015-2017,Sex,Male,344,"2,924,000",11.77,11.42
Suicide,Riverside,2015-2017,Sex,Male,599,"3,525,000",16.99,16.99
Suicide,Nevada,2015-2017,Sex,Male,48,"146,300",32.81,28.04
Suicide,Sacramento,2015-2017,Sex,Male,454,"2,220,000",20.45,20.54
Suicide,Orange,2015-2017,Sex,Male,688,"4,735,000",14.53,13.92
Suicide,San Mateo,2015-2017,Sex,Male,133,"1,138,000",11.69,11.18
Suicide,Yolo,2015-2017,Sex,Male,64,"316,600",20.22,21
Suicide,San Diego,2015-2017,Sex,Male,941,"4,978,000",18.9,18.91
Suicide,Humboldt,2015-2017,Sex,Male,66,"204,800",32.23,32.37
Suicide,Madera,2015-2017,Sex,Male,39,"226,500",17.22,18.54
Suicide,Santa Barbara,2015-2017,Sex,Male,126,"678,000",18.58,18.09
Suicide,San Joaquin,2015-2017,Sex,Male,179,"1,106,000",16.18,17.16
Suicide,San Luis Obispo,2015-2017,Sex,Male,117,"427,500",27.37,24.01
Suicide,Yuba,2015-2017,Sex,Total,41,"228,600",17.93,18.75
Suicide,Lake,2015-2017,Sex,Total,59,"195,500",30.18,28.78
Suicide,Tuolumne,2015-2017,Sex,Total,42,"163,000",25.77,18.87
Suicide,Calaveras,2015-2017,Sex,Total,40,"134,500",29.74,25.87
Suicide,Ventura,2015-2017,Sex,Total,288,"2,565,000",11.23,10.53
Suicide,Merced,2015-2017,Sex,Total,85,"818,300",10.39,11.33
Suicide,San Mateo,2015-2017,Sex,Total,178,"2,307,000",7.714,7.303
Suicide,Orange,2015-2017,Sex,Total,924,"9,544,000",9.681,9.145
Suicide,Glenn,2015-2017,Sex,Total,26,"87,240",29.8,28.31
Suicide,San Luis Obispo,2015-2017,Sex,Total,161,"836,600",19.24,16.44
Suicide,Placer,2015-2017,Sex,Total,145,"1,128,000",12.86,11.78
Suicide,Madera,2015-2017,Sex,Total,50,"467,900",10.69,11.04
Suicide,San Diego,2015-2017,Sex,Total,1246,"9,904,000",12.58,12.24
Suicide,Imperial,2015-2017,Sex,Total,48,"561,900",8.543,9
Suicide,Tehama,2015-2017,Sex,Total,34,"192,400",17.67,19.22
Suicide,Monterey,2015-2017,Sex,Total,121,"1,323,000",9.147,8.998
Suicide,Riverside,2015-2017,Sex,Total,801,"7,085,000",11.3,11.07
Suicide,Kern,2015-2017,Sex,Total,356,"2,670,000",13.33,13.96
Suicide,Napa,2015-2017,Sex,Total,46,"426,700",10.78,9.519
Suicide,El Dorado,2015-2017,Sex,Total,98,"552,400",17.74,17.37
Suicide,Plumas,2015-2017,Sex,Total,12,"58,510",20.51,17.53
Suicide,Marin,2015-2017,Sex,Total,119,"789,800",15.07,12.52
Suicide,Santa Barbara,2015-2017,Sex,Total,179,"1,345,000",13.31,12.79
Suicide,Inyo,2015-2017,Sex,Total,12,"55,980",21.44,15.7
Suicide,San Francisco,2015-2017,Sex,Total,309,"2,614,000",11.82,10.32
Suicide,San Joaquin,2015-2017,Sex,Total,221,"2,216,000",9.971,10.21
Suicide,Stanislaus,2015-2017,Sex,Total,165,"1,635,000",10.09,10.16
Suicide,Lassen,2015-2017,Sex,Total,21,"92,270",22.76,22.79
Suicide,Mendocino,2015-2017,Sex,Total,60,"266,800",22.49,21.25
Suicide,Amador,2015-2017,Sex,Total,25,"111,800",22.37,20.52
Suicide,CALIFORNIA,2015-2017,Sex,Total,12560,"118,100,000",10.63,10.26
Suicide,Santa Clara,2015-2017,Sex,Total,436,"5,798,000",7.52,7.203
Suicide,Los Angeles,2015-2017,Sex,Total,2510,"30,700,000",8.175,7.87
Suicide,Tulare,2015-2017,Sex,Total,148,"1,405,000",10.54,11.16
Suicide,Kings,2015-2017,Sex,Total,51,"449,600",11.34,12.2
Suicide,Yolo,2015-2017,Sex,Total,79,"649,700",12.16,12.47
Suicide,Nevada,2015-2017,Sex,Total,61,"295,600",20.64,17.15
Suicide,San Benito,2015-2017,Sex,Total,18,"174,100",10.34,11.24
Suicide,Shasta,2015-2017,Sex,Total,135,"535,300",25.22,23.37
Suicide,Alameda,2015-2017,Sex,Total,442,"4,913,000",8.996,8.496
Suicide,Sacramento,2015-2017,Sex,Total,590,"4,521,000",13.05,12.73
Suicide,Siskiyou,2015-2017,Sex,Total,32,"133,200",24.02,19.91
Suicide,Fresno,2015-2017,Sex,Total,303,"2,968,000",10.21,10.78
Suicide,Humboldt,2015-2017,Sex,Total,92,"408,000",22.55,22.5
Suicide,Solano,2015-2017,Sex,Total,148,"1,303,000",11.36,11.05
Suicide,San Bernardino,2015-2017,Sex,Total,666,"6,446,000",10.33,10.73
Suicide,Contra Costa,2015-2017,Sex,Total,356,"3,390,000",10.5,10.11
Suicide,Mariposa,2015-2017,Sex,Total,18,"54,200",33.21,33.12
Suicide,Butte,2015-2017,Sex,Total,128,"676,000",18.94,18.31
Suicide,Santa Cruz,2015-2017,Sex,Total,136,"829,300",16.4,15.74
Suicide,Sonoma,2015-2017,Sex,Total,205,"1,512,000",13.55,12.19
Suicide,Trinity,2015-2017,Sex,Total,16,"40,490",39.51,43.87
Suicide,Sutter,2015-2017,Sex,Total,42,"294,800",14.25,13.87